,full_title,title_shown,book_url,rating,price,availability
0,It's Only the Himalayas,It's Only the Himalayas,https://books.toscrape.com/catalogue/its-only-the-himalayas_981/index.html,Two,£45.17,In stock
1,Full Moon over Noahâs Ark: An Odyssey to Mount Ararat and Beyond,Full Moon over Noahâs ...,https://books.toscrape.com/catalogue/full-moon-over-noahs-ark-an-odyssey-to-mount-ararat-and-beyond_811/index.html,Four,£49.43,In stock
2,See America: A Celebration of Our National Parks & Treasured Sites,See America: A Celebration ...,https://books.toscrape.com/catalogue/see-america-a-celebration-of-our-national-parks-treasured-sites_732/index.html,Three,£48.87,In stock
3,Vagabonding: An Uncommon Guide to the Art of Long-Term World Travel,Vagabonding: An Uncommon Guide ...,https://books.toscrape.com/catalogue/vagabonding-an-uncommon-guide-to-the-art-of-long-term-world-travel_552/index.html,Two,£36.94,In stock
4,Under the Tuscan Sun,Under the Tuscan Sun,https://books.toscrape.com/catalogue/under-the-tuscan-sun_504/index.html,Three,£37.33,In stock
5,A Summer In Europe,A Summer In Europe,https://books.toscrape.com/catalogue/a-summer-in-europe_458/index.html,Two,£44.34,In stock
6,The Great Railway Bazaar,The Great Railway Bazaar,https://books.toscrape.com/catalogue/the-great-railway-bazaar_446/index.html,One,£30.54,In stock
7,A Year in Provence (Provence #1),A Year in Provence ...,https://books.toscrape.com/catalogue/a-year-in-provence-provence-1_421/index.html,Four,£56.88,In stock
8,The Road to Little Dribbling: Adventures of an American in Britain (Notes From a Small Island #2),The Road to Little ...,https://books.toscrape.com/catalogue/the-road-to-little-dribbling-adventures-of-an-american-in-britain-notes-from-a-small-island-2_277/index.html,One,£23.21,In stock
9,Neither Here nor There: Travels in Europe,Neither Here nor There: ...,https://books.toscrape.com/catalogue/neither-here-nor-there-travels-in-europe_198/index.html,Three,£38.95,In stock
10,"1,000 Places to See Before You Die","1,000 Places to See ...",https://books.toscrape.com/catalogue/1000-places-to-see-before-you-die_1/index.html,Five,£26.08,In stock
11,Sharp Objects,Sharp Objects,https://books.toscrape.com/catalogue/sharp-objects_997/index.html,Four,£47.82,In stock
12,"In a Dark, Dark Wood","In a Dark, Dark ...",https://books.toscrape.com/catalogue/in-a-dark-dark-wood_963/index.html,One,£19.63,In stock
13,The Past Never Ends,The Past Never Ends,https://books.toscrape.com/catalogue/the-past-never-ends_942/index.html,Four,£56.50,In stock
14,A Murder in Time,A Murder in Time,https://books.toscrape.com/catalogue/a-murder-in-time_877/index.html,One,£16.64,In stock
15,The Murder of Roger Ackroyd (Hercule Poirot #4),The Murder of Roger ...,https://books.toscrape.com/catalogue/the-murder-of-roger-ackroyd-hercule-poirot-4_852/index.html,Four,£44.10,In stock
16,The Last Mile (Amos Decker #2),The Last Mile (Amos ...,https://books.toscrape.com/catalogue/the-last-mile-amos-decker-2_754/index.html,Two,£54.21,In stock
17,That Darkness (Gardiner and Renner #1),That Darkness (Gardiner and ...,https://books.toscrape.com/catalogue/that-darkness-gardiner-and-renner-1_743/index.html,One,£13.92,In stock
18,Tastes Like Fear (DI Marnie Rome #3),Tastes Like Fear (DI ...,https://books.toscrape.com/catalogue/tastes-like-fear-di-marnie-rome-3_742/index.html,One,£10.69,In stock
19,A Time of Torment (Charlie Parker #14),A Time of Torment ...,https://books.toscrape.com/catalogue/a-time-of-torment-charlie-parker-14_657/index.html,Five,£48.35,In stock
20,A Study in Scarlet (Sherlock Holmes #1),A Study in Scarlet ...,https://books.toscrape.com/catalogue/a-study-in-scarlet-sherlock-holmes-1_656/index.html,Two,£16.73,In stock
21,Poisonous (Max Revere Novels #3),Poisonous (Max Revere Novels ...,https://books.toscrape.com/catalogue/poisonous-max-revere-novels-3_627/index.html,Three,£26.80,In stock
22,Murder at the 42nd Street Library (Raymond Ambler #1),Murder at the 42nd ...,https://books.toscrape.com/catalogue/murder-at-the-42nd-street-library-raymond-ambler-1_624/index.html,Four,£54.36,In stock
23,Most Wanted,Most Wanted,https://books.toscrape.com/catalogue/most-wanted_623/index.html,Three,£35.28,In stock
24,Hide Away (Eve Duncan #20),Hide Away (Eve Duncan ...,https://books.toscrape.com/catalogue/hide-away-eve-duncan-20_620/index.html,One,£11.84,In stock
25,Boar Island (Anna Pigeon #19),Boar Island (Anna Pigeon ...,https://books.toscrape.com/catalogue/boar-island-anna-pigeon-19_613/index.html,Three,£59.48,In stock
26,The Widow,The Widow,https://books.toscrape.com/catalogue/the-widow_609/index.html,Two,£27.26,In stock
27,Playing with Fire,Playing with Fire,https://books.toscrape.com/catalogue/playing-with-fire_602/index.html,Three,£13.71,In stock
28,What Happened on Beale Street (Secrets of the South Mysteries #2),What Happened on Beale ...,https://books.toscrape.com/catalogue/what-happened-on-beale-street-secrets-of-the-south-mysteries-2_506/index.html,Five,£25.37,In stock
29,The Bachelor Girl's Guide to Murder (Herringford and Watts Mysteries #1),The Bachelor Girl's Guide ...,https://books.toscrape.com/catalogue/the-bachelor-girls-guide-to-murder-herringford-and-watts-mysteries-1_491/index.html,Five,£52.30,In stock
30,Delivering the Truth (Quaker Midwife Mystery #1),Delivering the Truth (Quaker ...,https://books.toscrape.com/catalogue/delivering-the-truth-quaker-midwife-mystery-1_464/index.html,Four,£20.89,In stock
31,Tipping the Velvet,Tipping the Velvet,https://books.toscrape.com/catalogue/tipping-the-velvet_999/index.html,One,£53.74,In stock
32,Forever and Forever: The Courtship of Henry Longfellow and Fanny Appleton,Forever and Forever: The ...,https://books.toscrape.com/catalogue/forever-and-forever-the-courtship-of-henry-longfellow-and-fanny-appleton_894/index.html,Three,£29.69,In stock
33,A Flight of Arrows (The Pathfinders #2),A Flight of Arrows ...,https://books.toscrape.com/catalogue/a-flight-of-arrows-the-pathfinders-2_876/index.html,Five,£55.53,In stock
34,The House by the Lake,The House by the ...,https://books.toscrape.com/catalogue/the-house-by-the-lake_846/index.html,One,£36.95,In stock
35,Mrs. Houdini,Mrs. Houdini,https://books.toscrape.com/catalogue/mrs-houdini_821/index.html,Five,£30.25,In stock
36,The Marriage of Opposites,The Marriage of Opposites,https://books.toscrape.com/catalogue/the-marriage-of-opposites_759/index.html,Four,£28.08,In stock
37,Glory over Everything: Beyond The Kitchen House,Glory over Everything: Beyond ...,https://books.toscrape.com/catalogue/glory-over-everything-beyond-the-kitchen-house_696/index.html,Three,£45.84,In stock
38,"Love, Lies and Spies","Love, Lies and Spies",https://books.toscrape.com/catalogue/love-lies-and-spies_622/index.html,Two,£20.55,In stock
39,A Paris Apartment,A Paris Apartment,https://books.toscrape.com/catalogue/a-paris-apartment_612/index.html,Four,£39.01,In stock
40,Lilac Girls,Lilac Girls,https://books.toscrape.com/catalogue/lilac-girls_597/index.html,Two,£17.28,In stock
41,The Constant Princess (The Tudor Court #1),The Constant Princess (The ...,https://books.toscrape.com/catalogue/the-constant-princess-the-tudor-court-1_493/index.html,Three,£16.62,In stock
42,The Invention of Wings,The Invention of Wings,https://books.toscrape.com/catalogue/the-invention-of-wings_448/index.html,One,£37.34,In stock
43,World Without End (The Pillars of the Earth #2),World Without End (The ...,https://books.toscrape.com/catalogue/world-without-end-the-pillars-of-the-earth-2_420/index.html,Four,£32.97,In stock
44,The Passion of Dolssa,The Passion of Dolssa,https://books.toscrape.com/catalogue/the-passion-of-dolssa_351/index.html,Five,£28.32,In stock
45,Girl With a Pearl Earring,Girl With a Pearl ...,https://books.toscrape.com/catalogue/girl-with-a-pearl-earring_322/index.html,One,£26.77,In stock
46,Voyager (Outlander #3),Voyager (Outlander #3),https://books.toscrape.com/catalogue/voyager-outlander-3_299/index.html,Five,£21.07,In stock
47,The Red Tent,The Red Tent,https://books.toscrape.com/catalogue/the-red-tent_273/index.html,Five,£35.66,In stock
48,The Last Painting of Sara de Vos,The Last Painting of ...,https://books.toscrape.com/catalogue/the-last-painting-of-sara-de-vos_259/index.html,Two,£55.55,In stock
49,The Guernsey Literary and Potato Peel Pie Society,The Guernsey Literary and ...,https://books.toscrape.com/catalogue/the-guernsey-literary-and-potato-peel-pie-society_253/index.html,One,£49.53,In stock
50,Girl in the Blue Coat,Girl in the Blue ...,https://books.toscrape.com/catalogue/girl-in-the-blue-coat_160/index.html,Two,£46.83,In stock
51,Scott Pilgrim's Precious Little Life (Scott Pilgrim #1),Scott Pilgrim's Precious Little ...,https://books.toscrape.com/catalogue/scott-pilgrims-precious-little-life-scott-pilgrim-1_987/index.html,Five,£52.29,In stock
52,Tsubasa: WoRLD CHRoNiCLE 2 (Tsubasa WoRLD CHRoNiCLE #2),Tsubasa: WoRLD CHRoNiCLE 2 ...,https://books.toscrape.com/catalogue/tsubasa-world-chronicle-2-tsubasa-world-chronicle-2_949/index.html,One,£16.28,In stock
53,This One Summer,This One Summer,https://books.toscrape.com/catalogue/this-one-summer_947/index.html,Four,£19.49,In stock
54,The Nameless City (The Nameless City #1),The Nameless City (The ...,https://books.toscrape.com/catalogue/the-nameless-city-the-nameless-city-1_940/index.html,Four,£38.16,In stock
55,"Saga, Volume 5 (Saga (Collected Editions) #5)","Saga, Volume 5 (Saga ...",https://books.toscrape.com/catalogue/saga-volume-5-saga-collected-editions-5_923/index.html,Two,£51.04,In stock
56,"Rat Queens, Vol. 3: Demons (Rat Queens (Collected Editions) #11-15)","Rat Queens, Vol. 3: ...",https://books.toscrape.com/catalogue/rat-queens-vol-3-demons-rat-queens-collected-editions-11-15_921/index.html,Three,£50.40,In stock
57,"Princess Jellyfish 2-in-1 Omnibus, Vol. 01 (Princess Jellyfish 2-in-1 Omnibus #1)","Princess Jellyfish 2-in-1 Omnibus, ...",https://books.toscrape.com/catalogue/princess-jellyfish-2-in-1-omnibus-vol-01-princess-jellyfish-2-in-1-omnibus-1_920/index.html,Five,£13.61,In stock
58,"Pop Gun War, Volume 1: Gift","Pop Gun War, Volume ...",https://books.toscrape.com/catalogue/pop-gun-war-volume-1-gift_918/index.html,One,£18.97,In stock
59,Patience,Patience,https://books.toscrape.com/catalogue/patience_916/index.html,Three,£10.16,In stock
60,"Outcast, Vol. 1: A Darkness Surrounds Him (Outcast #1)","Outcast, Vol. 1: A ...",https://books.toscrape.com/catalogue/outcast-vol-1-a-darkness-surrounds-him-outcast-1_915/index.html,Four,£15.44,In stock
61,orange: The Complete Collection 1 (orange: The Complete Collection #1),orange: The Complete Collection ...,https://books.toscrape.com/catalogue/orange-the-complete-collection-1-orange-the-complete-collection-1_914/index.html,One,£48.41,In stock
62,"Lumberjanes, Vol. 2: Friendship to the Max (Lumberjanes #5-8)","Lumberjanes, Vol. 2: Friendship ...",https://books.toscrape.com/catalogue/lumberjanes-vol-2-friendship-to-the-max-lumberjanes-5-8_907/index.html,Two,£46.91,In stock
63,"Lumberjanes, Vol. 1: Beware the Kitten Holy (Lumberjanes #1-4)","Lumberjanes, Vol. 1: Beware ...",https://books.toscrape.com/catalogue/lumberjanes-vol-1-beware-the-kitten-holy-lumberjanes-1-4_906/index.html,Three,£45.61,In stock
64,Lumberjanes Vol. 3: A Terrible Plan (Lumberjanes #9-12),Lumberjanes Vol. 3: A ...,https://books.toscrape.com/catalogue/lumberjanes-vol-3-a-terrible-plan-lumberjanes-9-12_905/index.html,Two,£19.92,In stock
65,"I Hate Fairyland, Vol. 1: Madly Ever After (I Hate Fairyland (Compilations) #1-5)","I Hate Fairyland, Vol. ...",https://books.toscrape.com/catalogue/i-hate-fairyland-vol-1-madly-ever-after-i-hate-fairyland-compilations-1-5_899/index.html,Two,£29.17,In stock
66,I am a Hero Omnibus Volume 1,I am a Hero ...,https://books.toscrape.com/catalogue/i-am-a-hero-omnibus-volume-1_898/index.html,Three,£54.63,In stock
67,"Giant Days, Vol. 2 (Giant Days #5-8)","Giant Days, Vol. 2 ...",https://books.toscrape.com/catalogue/giant-days-vol-2-giant-days-5-8_895/index.html,Two,£22.11,In stock
68,Danganronpa Volume 1,Danganronpa Volume 1,https://books.toscrape.com/catalogue/danganronpa-volume-1_889/index.html,Four,£51.99,In stock
69,"Codename Baboushka, Volume 1: The Conclave of Death","Codename Baboushka, Volume 1: ...",https://books.toscrape.com/catalogue/codename-baboushka-volume-1-the-conclave-of-death_887/index.html,Four,£36.72,In stock
70,Camp Midnight,Camp Midnight,https://books.toscrape.com/catalogue/camp-midnight_886/index.html,Four,£17.08,In stock
71,The Secret Garden,The Secret Garden,https://books.toscrape.com/catalogue/the-secret-garden_413/index.html,Four,£15.08,In stock
72,The Metamorphosis,The Metamorphosis,https://books.toscrape.com/catalogue/the-metamorphosis_409/index.html,One,£28.58,In stock
73,The Pilgrim's Progress,The Pilgrim's Progress,https://books.toscrape.com/catalogue/the-pilgrims-progress_353/index.html,Two,£50.26,In stock
74,The Hound of the Baskervilles (Sherlock Holmes #5),The Hound of the ...,https://books.toscrape.com/catalogue/the-hound-of-the-baskervilles-sherlock-holmes-5_348/index.html,Two,£14.82,In stock
75,Little Women (Little Women #1),Little Women (Little Women ...,https://books.toscrape.com/catalogue/little-women-little-women-1_331/index.html,Four,£28.07,In stock
76,Gone with the Wind,Gone with the Wind,https://books.toscrape.com/catalogue/gone-with-the-wind_324/index.html,Three,£32.49,In stock
77,Candide,Candide,https://books.toscrape.com/catalogue/candide_316/index.html,Three,£58.63,In stock
78,Animal Farm,Animal Farm,https://books.toscrape.com/catalogue/animal-farm_313/index.html,Three,£57.22,In stock
79,Wuthering Heights,Wuthering Heights,https://books.toscrape.com/catalogue/wuthering-heights_307/index.html,Three,£17.73,In stock
80,The Picture of Dorian Gray,The Picture of Dorian ...,https://books.toscrape.com/catalogue/the-picture-of-dorian-gray_270/index.html,Two,£29.70,In stock
81,The Complete Stories and Poems (The Works of Edgar Allan Poe [Cameo Edition]),The Complete Stories and ...,https://books.toscrape.com/catalogue/the-complete-stories-and-poems-the-works-of-edgar-allan-poe-cameo-edition_238/index.html,Four,£26.78,In stock
82,Beowulf,Beowulf,https://books.toscrape.com/catalogue/beowulf_126/index.html,Two,£38.35,In stock
83,And Then There Were None,And Then There Were ...,https://books.toscrape.com/catalogue/and-then-there-were-none_119/index.html,Two,£35.01,In stock
84,The Story of Hong Gildong,The Story of Hong ...,https://books.toscrape.com/catalogue/the-story-of-hong-gildong_84/index.html,Four,£43.19,In stock
85,The Little Prince,The Little Prince,https://books.toscrape.com/catalogue/the-little-prince_72/index.html,Two,£45.42,In stock
86,Sense and Sensibility,Sense and Sensibility,https://books.toscrape.com/catalogue/sense-and-sensibility_49/index.html,One,£37.46,In stock
87,Of Mice and Men,Of Mice and Men,https://books.toscrape.com/catalogue/of-mice-and-men_37/index.html,Two,£47.11,In stock
88,Emma,Emma,https://books.toscrape.com/catalogue/emma_17/index.html,Two,£32.93,In stock
89,Alice in Wonderland (Alice's Adventures in Wonderland #1),Alice in Wonderland (Alice's ...,https://books.toscrape.com/catalogue/alice-in-wonderland-alices-adventures-in-wonderland-1_5/index.html,One,£55.53,In stock
90,Sophie's World,Sophie's World,https://books.toscrape.com/catalogue/sophies-world_966/index.html,Five,£15.94,In stock
91,The Death of Humanity: and the Case for Life,The Death of Humanity: ...,https://books.toscrape.com/catalogue/the-death-of-humanity-and-the-case-for-life_932/index.html,Four,£58.11,In stock
92,The Stranger,The Stranger,https://books.toscrape.com/catalogue/the-stranger_861/index.html,Four,£17.44,In stock
93,Proofs of God: Classical Arguments from Tertullian to Barth,Proofs of God: Classical ...,https://books.toscrape.com/catalogue/proofs-of-god-classical-arguments-from-tertullian-to-barth_538/index.html,One,£54.21,In stock
94,Kierkegaard: A Christian Missionary to Christians,Kierkegaard: A Christian Missionary ...,https://books.toscrape.com/catalogue/kierkegaard-a-christian-missionary-to-christians_527/index.html,One,£47.13,In stock
95,"At The Existentialist CafÃ©: Freedom, Being, and apricot cocktails with: Jean-Paul Sartre, Simone de Beauvoir, Albert Camus, Martin Heidegger, Edmund Husserl, Karl Jaspers, Maurice Merleau-Ponty and others",At The Existentialist CafÃ©: ...,https://books.toscrape.com/catalogue/at-the-existentialist-cafe-freedom-being-and-apricot-cocktails-with-jean-paul-sartre-simone-de-beauvoir-albert-camus-martin-heidegger-edmund-husserl-karl-jaspers-maurice-merleau-ponty-and-others_459/index.html,Five,£29.93,In stock
96,Critique of Pure Reason,Critique of Pure Reason,https://books.toscrape.com/catalogue/critique-of-pure-reason_366/index.html,One,£20.75,In stock
97,"Run, Spot, Run: The Ethics of Keeping Pets","Run, Spot, Run: The ...",https://books.toscrape.com/catalogue/run-spot-run-the-ethics-of-keeping-pets_106/index.html,One,£20.02,In stock
98,The Nicomachean Ethics,The Nicomachean Ethics,https://books.toscrape.com/catalogue/the-nicomachean-ethics_75/index.html,One,£36.34,In stock
99,Meditations,Meditations,https://books.toscrape.com/catalogue/meditations_33/index.html,Two,£25.89,In stock
100,Beyond Good and Evil,Beyond Good and Evil,https://books.toscrape.com/catalogue/beyond-good-and-evil_6/index.html,One,£43.38,In stock
101,Chase Me (Paris Nights #2),Chase Me (Paris Nights ...,https://books.toscrape.com/catalogue/chase-me-paris-nights-2_977/index.html,Five,£25.27,In stock
102,Black Dust,Black Dust,https://books.toscrape.com/catalogue/black-dust_976/index.html,Five,£34.53,In stock
103,Her Backup Boyfriend (The Sorensen Family #1),Her Backup Boyfriend (The ...,https://books.toscrape.com/catalogue/her-backup-boyfriend-the-sorensen-family-1_896/index.html,One,£33.97,In stock
104,First and First (Five Boroughs #3),First and First (Five ...,https://books.toscrape.com/catalogue/first-and-first-five-boroughs-3_893/index.html,Four,£15.97,In stock
105,Fifty Shades Darker (Fifty Shades #2),Fifty Shades Darker (Fifty ...,https://books.toscrape.com/catalogue/fifty-shades-darker-fifty-shades-2_892/index.html,One,£21.96,In stock
106,The Wedding Dress,The Wedding Dress,https://books.toscrape.com/catalogue/the-wedding-dress_864/index.html,One,£24.12,In stock
107,Suddenly in Love (Lake Haven #1),Suddenly in Love (Lake ...,https://books.toscrape.com/catalogue/suddenly-in-love-lake-haven-1_835/index.html,Two,£55.99,In stock
108,Something More Than This,Something More Than This,https://books.toscrape.com/catalogue/something-more-than-this_834/index.html,Four,£16.24,In stock
109,Doing It Over (Most Likely To #1),Doing It Over (Most ...,https://books.toscrape.com/catalogue/doing-it-over-most-likely-to-1_802/index.html,Three,£35.61,In stock
110,The Wedding Pact (The O'Malleys #2),The Wedding Pact (The ...,https://books.toscrape.com/catalogue/the-wedding-pact-the-omalleys-2_767/index.html,Three,£32.61,In stock
111,Hold Your Breath (Search and Rescue #1),Hold Your Breath (Search ...,https://books.toscrape.com/catalogue/hold-your-breath-search-and-rescue-1_700/index.html,One,£28.82,In stock
112,Dirty (Dive Bar #1),Dirty (Dive Bar #1),https://books.toscrape.com/catalogue/dirty-dive-bar-1_615/index.html,Four,£40.83,In stock
113,Take Me Home Tonight (Rock Star Romance #3),Take Me Home Tonight ...,https://books.toscrape.com/catalogue/take-me-home-tonight-rock-star-romance-3_605/index.html,Three,£53.98,In stock
114,Off the Hook (Fishing for Trouble #1),Off the Hook (Fishing ...,https://books.toscrape.com/catalogue/off-the-hook-fishing-for-trouble-1_601/index.html,Three,£47.67,In stock
115,A Gentleman's Position (Society of Gentlemen #3),A Gentleman's Position (Society ...,https://books.toscrape.com/catalogue/a-gentlemans-position-society-of-gentlemen-3_584/index.html,Five,£14.75,In stock
116,"Sit, Stay, Love","Sit, Stay, Love",https://books.toscrape.com/catalogue/sit-stay-love_486/index.html,Three,£20.90,In stock
117,A Girl's Guide to Moving On (New Beginnings #2),A Girl's Guide to ...,https://books.toscrape.com/catalogue/a-girls-guide-to-moving-on-new-beginnings-2_359/index.html,One,£31.30,In stock
118,The Perfect Play (Play by Play #1),The Perfect Play (Play ...,https://books.toscrape.com/catalogue/the-perfect-play-play-by-play-1_352/index.html,Three,£59.99,In stock
119,Dark Lover (Black Dagger Brotherhood #1),Dark Lover (Black Dagger ...,https://books.toscrape.com/catalogue/dark-lover-black-dagger-brotherhood-1_319/index.html,One,£12.87,In stock
120,Changing the Game (Play by Play #2),Changing the Game (Play ...,https://books.toscrape.com/catalogue/changing-the-game-play-by-play-2_317/index.html,Three,£13.38,In stock
121,I Had a Nice Time And Other Lies...: How to find love & sh*t like that,I Had a Nice ...,https://books.toscrape.com/catalogue/i-had-a-nice-time-and-other-lies-how-to-find-love-sht-like-that_814/index.html,Four,£57.36,In stock
122,Will You Won't You Want Me?,Will You Won't You ...,https://books.toscrape.com/catalogue/will-you-wont-you-want-me_644/index.html,Three,£13.86,In stock
123,Keep Me Posted,Keep Me Posted,https://books.toscrape.com/catalogue/keep-me-posted_594/index.html,Four,£20.46,In stock
124,Grey (Fifty Shades #4),Grey (Fifty Shades #4),https://books.toscrape.com/catalogue/grey-fifty-shades-4_592/index.html,Four,£48.49,In stock
125,Meternity,Meternity,https://books.toscrape.com/catalogue/meternity_478/index.html,Three,£43.58,In stock
126,Some Women,Some Women,https://books.toscrape.com/catalogue/some-women_341/index.html,Five,£13.73,In stock
127,Shopaholic Ties the Knot (Shopaholic #3),Shopaholic Ties the Knot ...,https://books.toscrape.com/catalogue/shopaholic-ties-the-knot-shopaholic-3_340/index.html,Five,£48.39,In stock
128,Can You Keep a Secret?,Can You Keep a ...,https://books.toscrape.com/catalogue/can-you-keep-a-secret_315/index.html,One,£21.94,In stock
129,Twenties Girl,Twenties Girl,https://books.toscrape.com/catalogue/twenties-girl_292/index.html,Two,£42.80,In stock
130,The Undomestic Goddess,The Undomestic Goddess,https://books.toscrape.com/catalogue/the-undomestic-goddess_286/index.html,Four,£45.75,In stock
131,The Nanny Diaries (Nanny #1),The Nanny Diaries (Nanny ...,https://books.toscrape.com/catalogue/the-nanny-diaries-nanny-1_265/index.html,Five,£52.53,In stock
132,The Devil Wears Prada (The Devil Wears Prada #1),The Devil Wears Prada ...,https://books.toscrape.com/catalogue/the-devil-wears-prada-the-devil-wears-prada-1_243/index.html,One,£44.29,In stock
133,Something Borrowed (Darcy & Rachel #1),Something Borrowed (Darcy & ...,https://books.toscrape.com/catalogue/something-borrowed-darcy-rachel-1_224/index.html,Five,£48.96,In stock
134,Something Blue (Darcy & Rachel #2),Something Blue (Darcy & ...,https://books.toscrape.com/catalogue/something-blue-darcy-rachel-2_223/index.html,One,£54.62,In stock
135,I've Got Your Number,I've Got Your Number,https://books.toscrape.com/catalogue/ive-got-your-number_173/index.html,One,£19.69,In stock
136,The Edge of Reason (Bridget Jones #2),The Edge of Reason ...,https://books.toscrape.com/catalogue/the-edge-of-reason-bridget-jones-2_63/index.html,Four,£19.18,In stock
137,Bridget Jones's Diary (Bridget Jones #1),Bridget Jones's Diary (Bridget ...,https://books.toscrape.com/catalogue/bridget-joness-diary-bridget-jones-1_10/index.html,One,£29.82,In stock
138,Soumission,Soumission,https://books.toscrape.com/catalogue/soumission_998/index.html,One,£50.10,In stock
139,Private Paris (Private #10),Private Paris (Private #10),https://books.toscrape.com/catalogue/private-paris-private-10_958/index.html,Five,£47.61,In stock
140,"We Love You, Charlie Freeman","We Love You, Charlie ...",https://books.toscrape.com/catalogue/we-love-you-charlie-freeman_954/index.html,Five,£50.27,In stock
141,Thirst,Thirst,https://books.toscrape.com/catalogue/thirst_946/index.html,Five,£17.27,In stock
142,The Murder That Never Was (Forensic Instincts #5),The Murder That Never ...,https://books.toscrape.com/catalogue/the-murder-that-never-was-forensic-instincts-5_939/index.html,Three,£54.11,In stock
143,Tuesday Nights in 1980,Tuesday Nights in 1980,https://books.toscrape.com/catalogue/tuesday-nights-in-1980_870/index.html,Two,£21.04,In stock
144,The Vacationers,The Vacationers,https://books.toscrape.com/catalogue/the-vacationers_863/index.html,Four,£42.15,In stock
145,The Regional Office Is Under Attack!,The Regional Office Is ...,https://books.toscrape.com/catalogue/the-regional-office-is-under-attack_858/index.html,Five,£51.36,In stock
146,Finders Keepers (Bill Hodges Trilogy #2),Finders Keepers (Bill Hodges ...,https://books.toscrape.com/catalogue/finders-keepers-bill-hodges-trilogy-2_807/index.html,Five,£53.53,In stock
147,The Time Keeper,The Time Keeper,https://books.toscrape.com/catalogue/the-time-keeper_766/index.html,Five,£27.88,In stock
148,The Testament of Mary,The Testament of Mary,https://books.toscrape.com/catalogue/the-testament-of-mary_765/index.html,Four,£52.67,In stock
149,The First Hostage (J.B. Collins #2),The First Hostage (J.B. ...,https://books.toscrape.com/catalogue/the-first-hostage-jb-collins-2_749/index.html,Three,£25.85,In stock
150,Take Me with You,Take Me with You,https://books.toscrape.com/catalogue/take-me-with-you_741/index.html,Three,£45.21,In stock
151,Still Life with Bread Crumbs,Still Life with Bread ...,https://books.toscrape.com/catalogue/still-life-with-bread-crumbs_738/index.html,Three,£26.41,In stock
152,Shtum,Shtum,https://books.toscrape.com/catalogue/shtum_733/index.html,Four,£55.84,In stock
153,My Name Is Lucy Barton,My Name Is Lucy ...,https://books.toscrape.com/catalogue/my-name-is-lucy-barton_720/index.html,One,£41.56,In stock
154,My Mrs. Brown,My Mrs. Brown,https://books.toscrape.com/catalogue/my-mrs-brown_719/index.html,Three,£24.48,In stock
155,Mr. Mercedes (Bill Hodges Trilogy #1),Mr. Mercedes (Bill Hodges ...,https://books.toscrape.com/catalogue/mr-mercedes-bill-hodges-trilogy-1_717/index.html,One,£28.90,In stock
156,I Am Pilgrim (Pilgrim #1),I Am Pilgrim (Pilgrim ...,https://books.toscrape.com/catalogue/i-am-pilgrim-pilgrim-1_703/index.html,Four,£10.60,In stock
157,Eligible (The Austen Project #4),Eligible (The Austen Project ...,https://books.toscrape.com/catalogue/eligible-the-austen-project-4_692/index.html,Three,£27.09,In stock
158,Birdsong: A Story in Pictures,Birdsong: A Story in ...,https://books.toscrape.com/catalogue/birdsong-a-story-in-pictures_975/index.html,Three,£54.64,In stock
159,The Bear and the Piano,The Bear and the ...,https://books.toscrape.com/catalogue/the-bear-and-the-piano_967/index.html,One,£36.89,In stock
160,The Secret of Dreadwillow Carse,The Secret of Dreadwillow ...,https://books.toscrape.com/catalogue/the-secret-of-dreadwillow-carse_944/index.html,One,£56.13,In stock
161,The White Cat and the Monk: A Retelling of the Poem âPangur BÃ¡nâ,The White Cat and ...,https://books.toscrape.com/catalogue/the-white-cat-and-the-monk-a-retelling-of-the-poem-pangur-ban_865/index.html,Four,£58.08,In stock
162,Little Red,Little Red,https://books.toscrape.com/catalogue/little-red_817/index.html,Three,£13.47,In stock
163,Walt Disney's Alice in Wonderland,Walt Disney's Alice in ...,https://books.toscrape.com/catalogue/walt-disneys-alice-in-wonderland_777/index.html,Five,£12.96,In stock
164,Twenty Yawns,Twenty Yawns,https://books.toscrape.com/catalogue/twenty-yawns_773/index.html,Two,£22.08,In stock
165,Rain Fish,Rain Fish,https://books.toscrape.com/catalogue/rain-fish_728/index.html,Three,£23.57,In stock
166,Once Was a Time,Once Was a Time,https://books.toscrape.com/catalogue/once-was-a-time_724/index.html,Two,£18.28,In stock
167,Luis Paints the World,Luis Paints the World,https://books.toscrape.com/catalogue/luis-paints-the-world_714/index.html,Three,£53.95,In stock
168,Nap-a-Roo,Nap-a-Roo,https://books.toscrape.com/catalogue/nap-a-roo_567/index.html,One,£25.08,In stock
169,The Whale,The Whale,https://books.toscrape.com/catalogue/the-whale_501/index.html,Four,£35.96,In stock
170,"Shrunken Treasures: Literary Classics, Short, Sweet, and Silly","Shrunken Treasures: Literary Classics, ...",https://books.toscrape.com/catalogue/shrunken-treasures-literary-classics-short-sweet-and-silly_484/index.html,Three,£52.87,In stock
171,Raymie Nightingale,Raymie Nightingale,https://books.toscrape.com/catalogue/raymie-nightingale_482/index.html,Two,£34.41,In stock
172,Playing from the Heart,Playing from the Heart,https://books.toscrape.com/catalogue/playing-from-the-heart_481/index.html,One,£32.38,In stock
173,Maybe Something Beautiful: How Art Transformed a Neighborhood,Maybe Something Beautiful: How ...,https://books.toscrape.com/catalogue/maybe-something-beautiful-how-art-transformed-a-neighborhood_386/index.html,One,£22.54,In stock
174,The Wild Robot,The Wild Robot,https://books.toscrape.com/catalogue/the-wild-robot_288/index.html,Three,£56.07,In stock
175,The Thing About Jellyfish,The Thing About Jellyfish,https://books.toscrape.com/catalogue/the-thing-about-jellyfish_283/index.html,One,£48.77,In stock
176,The Lonely Ones,The Lonely Ones,https://books.toscrape.com/catalogue/the-lonely-ones_261/index.html,Five,£43.59,In stock
177,The Day the Crayons Came Home (Crayons),The Day the Crayons ...,https://books.toscrape.com/catalogue/the-day-the-crayons-came-home-crayons_241/index.html,Five,£26.33,In stock
178,"Don't Be a Jerk: And Other Practical Advice from Dogen, Japan's Greatest Zen Master",Don't Be a Jerk: ...,https://books.toscrape.com/catalogue/dont-be-a-jerk-and-other-practical-advice-from-dogen-japans-greatest-zen-master_890/index.html,Two,£37.97,In stock
179,You Are What You Love: The Spiritual Power of Habit,You Are What You ...,https://books.toscrape.com/catalogue/you-are-what-you-love-the-spiritual-power-of-habit_872/index.html,Four,£21.87,In stock
180,God: The Most Unpleasant Character in All Fiction,God: The Most Unpleasant ...,https://books.toscrape.com/catalogue/god-the-most-unpleasant-character-in-all-fiction_697/index.html,Five,£30.03,In stock
181,The Book of Mormon,The Book of Mormon,https://books.toscrape.com/catalogue/the-book-of-mormon_571/index.html,Three,£24.57,In stock
182,"A History of God: The 4,000-Year Quest of Judaism, Christianity, and Islam",A History of God: ...,https://books.toscrape.com/catalogue/a-history-of-god-the-4000-year-quest-of-judaism-christianity-and-islam_310/index.html,One,£27.62,In stock
183,The Bhagavad Gita,The Bhagavad Gita,https://books.toscrape.com/catalogue/the-bhagavad-gita_60/index.html,Three,£57.49,In stock
184,Choosing Our Religion: The Spiritual Lives of America's Nones,Choosing Our Religion: The ...,https://books.toscrape.com/catalogue/choosing-our-religion-the-spiritual-lives-of-americas-nones_14/index.html,Four,£28.42,In stock
185,Worlds Elsewhere: Journeys Around Shakespeareâs Globe,Worlds Elsewhere: Journeys Around ...,https://books.toscrape.com/catalogue/worlds-elsewhere-journeys-around-shakespeares-globe_972/index.html,Five,£40.30,In stock
186,The Five Love Languages: How to Express Heartfelt Commitment to Your Mate,The Five Love Languages: ...,https://books.toscrape.com/catalogue/the-five-love-languages-how-to-express-heartfelt-commitment-to-your-mate_969/index.html,Three,£31.05,In stock
187,Reasons to Stay Alive,Reasons to Stay Alive,https://books.toscrape.com/catalogue/reasons-to-stay-alive_959/index.html,Two,£26.41,In stock
188,#HigherSelfie: Wake Up Your Life. Free Your Soul. Find Your Tribe.,#HigherSelfie: Wake Up Your ...,https://books.toscrape.com/catalogue/higherselfie-wake-up-your-life-free-your-soul-find-your-tribe_957/index.html,Five,£23.11,In stock
189,"Unseen City: The Majesty of Pigeons, the Discreet Charm of Snails & Other Wonders of the Urban Wilderness",Unseen City: The Majesty ...,https://books.toscrape.com/catalogue/unseen-city-the-majesty-of-pigeons-the-discreet-charm-of-snails-other-wonders-of-the-urban-wilderness_952/index.html,Four,£44.18,In stock
190,Throwing Rocks at the Google Bus: How Growth Became the Enemy of Prosperity,Throwing Rocks at the ...,https://books.toscrape.com/catalogue/throwing-rocks-at-the-google-bus-how-growth-became-the-enemy-of-prosperity_948/index.html,Three,£31.12,In stock
191,The Life-Changing Magic of Tidying Up: The Japanese Art of Decluttering and Organizing,The Life-Changing Magic of ...,https://books.toscrape.com/catalogue/the-life-changing-magic-of-tidying-up-the-japanese-art-of-decluttering-and-organizing_936/index.html,Three,£16.77,In stock
192,The Gutsy Girl: Escapades for Your Life of Epic Adventure,The Gutsy Girl: Escapades ...,https://books.toscrape.com/catalogue/the-gutsy-girl-escapades-for-your-life-of-epic-adventure_934/index.html,One,£37.13,In stock
193,The Electric Pencil: Drawings from Inside State Hospital No. 3,The Electric Pencil: Drawings ...,https://books.toscrape.com/catalogue/the-electric-pencil-drawings-from-inside-state-hospital-no-3_933/index.html,One,£56.06,In stock
194,Spark Joy: An Illustrated Master Class on the Art of Organizing and Tidying Up,Spark Joy: An Illustrated ...,https://books.toscrape.com/catalogue/spark-joy-an-illustrated-master-class-on-the-art-of-organizing-and-tidying-up_927/index.html,Four,£41.83,In stock
195,Reskilling America: Learning to Labor in the Twenty-First Century,Reskilling America: Learning to ...,https://books.toscrape.com/catalogue/reskilling-america-learning-to-labor-in-the-twenty-first-century_922/index.html,Two,£19.83,In stock
196,In the Country We Love: My Family Divided,In the Country We ...,https://books.toscrape.com/catalogue/in-the-country-we-love-my-family-divided_901/index.html,Four,£22.00,In stock
197,Everydata: The Misinformation Hidden in the Little Data You Consume Every Day,Everydata: The Misinformation Hidden ...,https://books.toscrape.com/catalogue/everydata-the-misinformation-hidden-in-the-little-data-you-consume-every-day_891/index.html,Two,£54.35,In stock
198,Call the Nurse: True Stories of a Country Nurse on a Scottish Isle,Call the Nurse: True ...,https://books.toscrape.com/catalogue/call-the-nurse-true-stories-of-a-country-nurse-on-a-scottish-isle_885/index.html,Five,£29.14,In stock
199,Algorithms to Live By: The Computer Science of Human Decisions,Algorithms to Live By: ...,https://books.toscrape.com/catalogue/algorithms-to-live-by-the-computer-science-of-human-decisions_880/index.html,One,£30.81,In stock
200,The Power of Now: A Guide to Spiritual Enlightenment,The Power of Now: ...,https://books.toscrape.com/catalogue/the-power-of-now-a-guide-to-spiritual-enlightenment_855/index.html,Two,£43.54,In stock
201,The Omnivore's Dilemma: A Natural History of Four Meals,The Omnivore's Dilemma: A ...,https://books.toscrape.com/catalogue/the-omnivores-dilemma-a-natural-history-of-four-meals_854/index.html,Two,£38.21,In stock
202,The Genius of Birds,The Genius of Birds,https://books.toscrape.com/catalogue/the-genius-of-birds_843/index.html,One,£17.24,In stock
203,The Artist's Way: A Spiritual Path to Higher Creativity,The Artist's Way: A ...,https://books.toscrape.com/catalogue/the-artists-way-a-spiritual-path-to-higher-creativity_839/index.html,Five,£38.49,In stock
204,So You've Been Publicly Shamed,So You've Been Publicly ...,https://books.toscrape.com/catalogue/so-youve-been-publicly-shamed_832/index.html,Two,£12.23,In stock
205,Rip it Up and Start Again,Rip it Up and ...,https://books.toscrape.com/catalogue/rip-it-up-and-start-again_986/index.html,Five,£35.02,In stock
206,"Our Band Could Be Your Life: Scenes from the American Indie Underground, 1981-1991",Our Band Could Be ...,https://books.toscrape.com/catalogue/our-band-could-be-your-life-scenes-from-the-american-indie-underground-1981-1991_985/index.html,Three,£57.25,In stock
207,How Music Works,How Music Works,https://books.toscrape.com/catalogue/how-music-works_979/index.html,Two,£37.32,In stock
208,Love Is a Mix Tape (Music #1),Love Is a Mix ...,https://books.toscrape.com/catalogue/love-is-a-mix-tape-music-1_711/index.html,One,£18.03,In stock
209,Please Kill Me: The Uncensored Oral History of Punk,Please Kill Me: The ...,https://books.toscrape.com/catalogue/please-kill-me-the-uncensored-oral-history-of-punk_537/index.html,Four,£31.19,In stock
210,Kill 'Em and Leave: Searching for James Brown and the American Soul,Kill 'Em and Leave: ...,https://books.toscrape.com/catalogue/kill-em-and-leave-searching-for-james-brown-and-the-american-soul_528/index.html,Five,£45.05,In stock
211,"Chronicles, Vol. 1","Chronicles, Vol. 1",https://books.toscrape.com/catalogue/chronicles-vol-1_462/index.html,Two,£52.60,In stock
212,This Is Your Brain on Music: The Science of a Human Obsession,This Is Your Brain ...,https://books.toscrape.com/catalogue/this-is-your-brain-on-music-the-science-of-a-human-obsession_414/index.html,One,£38.40,In stock
213,"Orchestra of Exiles: The Story of Bronislaw Huberman, the Israel Philharmonic, and the One Thousand Jews He Saved from Nazi Horrors",Orchestra of Exiles: The ...,https://books.toscrape.com/catalogue/orchestra-of-exiles-the-story-of-bronislaw-huberman-the-israel-philharmonic-and-the-one-thousand-jews-he-saved-from-nazi-horrors_337/index.html,Three,£12.36,In stock
214,No One Here Gets Out Alive,No One Here Gets ...,https://books.toscrape.com/catalogue/no-one-here-gets-out-alive_336/index.html,Five,£20.02,In stock
215,Life,Life,https://books.toscrape.com/catalogue/life_104/index.html,Five,£31.58,In stock
216,Old Records Never Die: One Man's Quest for His Vinyl and His Past,Old Records Never Die: ...,https://books.toscrape.com/catalogue/old-records-never-die-one-mans-quest-for-his-vinyl-and-his-past_39/index.html,Two,£55.66,In stock
217,Forever Rockers (The Rocker #12),Forever Rockers (The Rocker ...,https://books.toscrape.com/catalogue/forever-rockers-the-rocker-12_19/index.html,Three,£28.80,In stock
218,"The Coming Woman: A Novel Based on the Life of the Infamous Feminist, Victoria Woodhull",The Coming Woman: A ...,https://books.toscrape.com/catalogue/the-coming-woman-a-novel-based-on-the-life-of-the-infamous-feminist-victoria-woodhull_993/index.html,Three,£17.93,In stock
219,The Boys in the Boat: Nine Americans and Their Epic Quest for Gold at the 1936 Berlin Olympics,The Boys in the ...,https://books.toscrape.com/catalogue/the-boys-in-the-boat-nine-americans-and-their-epic-quest-for-gold-at-the-1936-berlin-olympics_992/index.html,Four,£22.60,In stock
220,"Starving Hearts (Triangular Trade Trilogy, #1)",Starving Hearts (Triangular Trade ...,https://books.toscrape.com/catalogue/starving-hearts-triangular-trade-trilogy-1_990/index.html,Two,£13.99,In stock
221,America's Cradle of Quarterbacks: Western Pennsylvania's Football Factory from Johnny Unitas to Joe Montana,America's Cradle of Quarterbacks: ...,https://books.toscrape.com/catalogue/americas-cradle-of-quarterbacks-western-pennsylvanias-football-factory-from-johnny-unitas-to-joe-montana_974/index.html,Three,£22.50,In stock
222,Aladdin and His Wonderful Lamp,Aladdin and His Wonderful ...,https://books.toscrape.com/catalogue/aladdin-and-his-wonderful-lamp_973/index.html,Three,£53.13,In stock
223,Penny Maybe,Penny Maybe,https://books.toscrape.com/catalogue/penny-maybe_965/index.html,Three,£33.29,In stock
224,Maude (1883-1993):She Grew Up with the country,Maude (1883-1993):She Grew Up ...,https://books.toscrape.com/catalogue/maude-1883-1993she-grew-up-with-the-country_964/index.html,Two,£18.02,In stock
225,"The Inefficiency Assassin: Time Management Tactics for Working Smarter, Not Longer",The Inefficiency Assassin: Time ...,https://books.toscrape.com/catalogue/the-inefficiency-assassin-time-management-tactics-for-working-smarter-not-longer_935/index.html,Five,£20.59,In stock
226,Soul Reader,Soul Reader,https://books.toscrape.com/catalogue/soul-reader_926/index.html,Two,£39.58,In stock
227,Bossypants,Bossypants,https://books.toscrape.com/catalogue/bossypants_883/index.html,Two,£49.46,In stock
228,A World of Flavor: Your Gluten Free Passport,A World of Flavor: ...,https://books.toscrape.com/catalogue/a-world-of-flavor-your-gluten-free-passport_879/index.html,One,£42.95,In stock
229,"A Piece of Sky, a Grain of Rice: A Memoir in Four Meditations","A Piece of Sky, ...",https://books.toscrape.com/catalogue/a-piece-of-sky-a-grain-of-rice-a-memoir-in-four-meditations_878/index.html,Five,£56.76,In stock
230,Tracing Numbers on a Train,Tracing Numbers on a ...,https://books.toscrape.com/catalogue/tracing-numbers-on-a-train_869/index.html,Three,£41.60,In stock
231,Thirteen Reasons Why,Thirteen Reasons Why,https://books.toscrape.com/catalogue/thirteen-reasons-why_866/index.html,One,£52.72,In stock
232,The Secret (The Secret #1),The Secret (The Secret ...,https://books.toscrape.com/catalogue/the-secret-the-secret-1_859/index.html,Four,£27.37,In stock
233,The Psychopath Test: A Journey Through the Madness Industry,The Psychopath Test: A ...,https://books.toscrape.com/catalogue/the-psychopath-test-a-journey-through-the-madness-industry_857/index.html,Two,£36.00,In stock
234,The Kite Runner,The Kite Runner,https://books.toscrape.com/catalogue/the-kite-runner_847/index.html,Four,£41.82,In stock
235,The Girl on the Train,The Girl on the ...,https://books.toscrape.com/catalogue/the-girl-on-the-train_844/index.html,Two,£55.02,In stock
236,The Emerald Mystery,The Emerald Mystery,https://books.toscrape.com/catalogue/the-emerald-mystery_842/index.html,Two,£23.15,In stock
237,The Bridge to Consciousness: I'm Writing the Bridge Between Science and Our Old and New Beliefs.,The Bridge to Consciousness: ...,https://books.toscrape.com/catalogue/the-bridge-to-consciousness-im-writing-the-bridge-between-science-and-our-old-and-new-beliefs_840/index.html,Three,£32.00,In stock
238,Mesaerion: The Best Science Fiction Stories 1800-1849,Mesaerion: The Best Science ...,https://books.toscrape.com/catalogue/mesaerion-the-best-science-fiction-stories-1800-1849_983/index.html,One,£37.59,In stock
239,Join,Join,https://books.toscrape.com/catalogue/join_902/index.html,Five,£35.67,In stock
240,"William Shakespeare's Star Wars: Verily, A New Hope (William Shakespeare's Star Wars #4)",William Shakespeare's Star Wars: ...,https://books.toscrape.com/catalogue/william-shakespeares-star-wars-verily-a-new-hope-william-shakespeares-star-wars-4_871/index.html,Four,£43.30,In stock
241,The Project,The Project,https://books.toscrape.com/catalogue/the-project_856/index.html,One,£10.65,In stock
242,Soft Apocalypse,Soft Apocalypse,https://books.toscrape.com/catalogue/soft-apocalypse_833/index.html,Two,£26.12,In stock
243,Sleeping Giants (Themis Files #1),Sleeping Giants (Themis Files ...,https://books.toscrape.com/catalogue/sleeping-giants-themis-files-1_604/index.html,One,£48.74,In stock
244,Arena,Arena,https://books.toscrape.com/catalogue/arena_587/index.html,Four,£21.36,In stock
245,Foundation (Foundation (Publication Order) #1),Foundation (Foundation (Publication Order) ...,https://books.toscrape.com/catalogue/foundation-foundation-publication-order-1_375/index.html,One,£32.42,In stock
246,The Restaurant at the End of the Universe (Hitchhiker's Guide to the Galaxy #2),The Restaurant at the ...,https://books.toscrape.com/catalogue/the-restaurant-at-the-end-of-the-universe-hitchhikers-guide-to-the-galaxy-2_275/index.html,One,£10.92,In stock
247,Ready Player One,Ready Player One,https://books.toscrape.com/catalogue/ready-player-one_209/index.html,Four,£19.07,In stock
248,"Life, the Universe and Everything (Hitchhiker's Guide to the Galaxy #3)","Life, the Universe and ...",https://books.toscrape.com/catalogue/life-the-universe-and-everything-hitchhikers-guide-to-the-galaxy-3_189/index.html,Two,£33.26,In stock
249,Dune (Dune #1),Dune (Dune #1),https://books.toscrape.com/catalogue/dune-dune-1_151/index.html,One,£54.86,In stock
250,Do Androids Dream of Electric Sheep? (Blade Runner #1),Do Androids Dream of ...,https://books.toscrape.com/catalogue/do-androids-dream-of-electric-sheep-blade-runner-1_149/index.html,One,£51.48,In stock
251,Three Wishes (River of Time: California #1),Three Wishes (River of ...,https://books.toscrape.com/catalogue/three-wishes-river-of-time-california-1_89/index.html,Two,£44.18,In stock
252,The Last Girl (The Dominion Trilogy #1),The Last Girl (The ...,https://books.toscrape.com/catalogue/the-last-girl-the-dominion-trilogy-1_70/index.html,Two,£36.26,In stock
253,Having the Barbarian's Baby (Ice Planet Barbarians #7.5),Having the Barbarian's Baby ...,https://books.toscrape.com/catalogue/having-the-barbarians-baby-ice-planet-barbarians-75_23/index.html,Four,£34.96,In stock
254,The Book of Basketball: The NBA According to The Sports Guy,The Book of Basketball: ...,https://books.toscrape.com/catalogue/the-book-of-basketball-the-nba-according-to-the-sports-guy_232/index.html,Five,£44.84,In stock
255,"Friday Night Lights: A Town, a Team, and a Dream",Friday Night Lights: A ...,https://books.toscrape.com/catalogue/friday-night-lights-a-town-a-team-and-a-dream_158/index.html,Three,£51.22,In stock
256,Sugar Rush (Offensive Line #2),Sugar Rush (Offensive Line ...,https://books.toscrape.com/catalogue/sugar-rush-offensive-line-2_108/index.html,One,£24.42,In stock
257,Settling the Score (The Summer Games #1),Settling the Score (The ...,https://books.toscrape.com/catalogue/settling-the-score-the-summer-games-1_50/index.html,Two,£44.91,In stock
258,Icing (Aces Hockey #2),Icing (Aces Hockey #2),https://books.toscrape.com/catalogue/icing-aces-hockey-2_25/index.html,Four,£40.44,In stock
259,The Torch Is Passed: A Harding Family Story,The Torch Is Passed: ...,https://books.toscrape.com/catalogue/the-torch-is-passed-a-harding-family-story_945/index.html,One,£19.09,In stock
260,"The Mindfulness and Acceptance Workbook for Anxiety: A Guide to Breaking Free from Anxiety, Phobias, and Worry Using Acceptance and Commitment Therapy",The Mindfulness and Acceptance ...,https://books.toscrape.com/catalogue/the-mindfulness-and-acceptance-workbook-for-anxiety-a-guide-to-breaking-free-from-anxiety-phobias-and-worry-using-acceptance-and-commitment-therapy_937/index.html,Four,£23.89,In stock
261,The Art Forger,The Art Forger,https://books.toscrape.com/catalogue/the-art-forger_930/index.html,Three,£40.76,In stock
262,On a Midnight Clear,On a Midnight Clear,https://books.toscrape.com/catalogue/on-a-midnight-clear_912/index.html,Three,£14.07,In stock
263,Judo: Seven Steps to Black Belt (an Introductory Guide for Beginners),Judo: Seven Steps to ...,https://books.toscrape.com/catalogue/judo-seven-steps-to-black-belt-an-introductory-guide-for-beginners_903/index.html,Two,£53.90,In stock
264,"Shobu Samurai, Project Aryoku (#3)","Shobu Samurai, Project Aryoku ...",https://books.toscrape.com/catalogue/shobu-samurai-project-aryoku-3_830/index.html,Three,£29.06,In stock
265,Modern Romance,Modern Romance,https://books.toscrape.com/catalogue/modern-romance_820/index.html,Five,£28.26,In stock
266,The White Queen (The Cousins' War #1),The White Queen (The ...,https://books.toscrape.com/catalogue/the-white-queen-the-cousins-war-1_768/index.html,Five,£25.91,In stock
267,The Song of Achilles,The Song of Achilles,https://books.toscrape.com/catalogue/the-song-of-achilles_762/index.html,Five,£37.40,In stock
268,The Immortal Life of Henrietta Lacks,The Immortal Life of ...,https://books.toscrape.com/catalogue/the-immortal-life-of-henrietta-lacks_753/index.html,Two,£40.67,In stock
269,The Dovekeepers,The Dovekeepers,https://books.toscrape.com/catalogue/the-dovekeepers_748/index.html,One,£48.78,In stock
270,More Than Music (Chasing the Dream #1),More Than Music (Chasing ...,https://books.toscrape.com/catalogue/more-than-music-chasing-the-dream-1_716/index.html,Two,£37.61,In stock
271,Code Name Verity (Code Name Verity #1),Code Name Verity (Code ...,https://books.toscrape.com/catalogue/code-name-verity-code-name-verity-1_680/index.html,Four,£22.13,In stock
272,Cell,Cell,https://books.toscrape.com/catalogue/cell_674/index.html,Four,£20.29,In stock
273,Angels Walking (Angels Walking #1),Angels Walking (Angels Walking ...,https://books.toscrape.com/catalogue/angels-walking-angels-walking-1_662/index.html,Two,£34.20,In stock
274,"A Series of Catastrophes and Miracles: A True Story of Love, Science, and Cancer",A Series of Catastrophes ...,https://books.toscrape.com/catalogue/a-series-of-catastrophes-and-miracles-a-true-story-of-love-science-and-cancer_655/index.html,Two,£56.48,In stock
275,A People's History of the United States,A People's History of ...,https://books.toscrape.com/catalogue/a-peoples-history-of-the-united-states_654/index.html,Two,£40.79,In stock
276,A Brush of Wings (Angels Walking #3),A Brush of Wings ...,https://books.toscrape.com/catalogue/a-brush-of-wings-angels-walking-3_651/index.html,One,£55.51,In stock
277,Rook,Rook,https://books.toscrape.com/catalogue/rook_647/index.html,Four,£37.86,In stock
278,The Midnight Watch: A Novel of the Titanic and the Californian,The Midnight Watch: A ...,https://books.toscrape.com/catalogue/the-midnight-watch-a-novel-of-the-titanic-and-the-californian_640/index.html,One,£26.20,In stock
279,Unicorn Tracks,Unicorn Tracks,https://books.toscrape.com/catalogue/unicorn-tracks_951/index.html,Three,£18.78,In stock
280,"Saga, Volume 6 (Saga (Collected Editions) #6)","Saga, Volume 6 (Saga ...",https://books.toscrape.com/catalogue/saga-volume-6-saga-collected-editions-6_924/index.html,Three,£25.02,In stock
281,Princess Between Worlds (Wide-Awake Princess #5),Princess Between Worlds (Wide-Awake ...,https://books.toscrape.com/catalogue/princess-between-worlds-wide-awake-princess-5_919/index.html,Five,£13.34,In stock
282,Masks and Shadows,Masks and Shadows,https://books.toscrape.com/catalogue/masks-and-shadows_909/index.html,Two,£56.40,In stock
283,Crown of Midnight (Throne of Glass #2),Crown of Midnight (Throne ...,https://books.toscrape.com/catalogue/crown-of-midnight-throne-of-glass-2_888/index.html,Three,£43.29,In stock
284,"Avatar: The Last Airbender: Smoke and Shadow, Part 3 (Smoke and Shadow #3)",Avatar: The Last Airbender: ...,https://books.toscrape.com/catalogue/avatar-the-last-airbender-smoke-and-shadow-part-3-smoke-and-shadow-3_881/index.html,Two,£28.09,In stock
285,A Court of Thorns and Roses (A Court of Thorns and Roses #1),A Court of Thorns ...,https://books.toscrape.com/catalogue/a-court-of-thorns-and-roses-a-court-of-thorns-and-roses-1_874/index.html,One,£52.37,In stock
286,Throne of Glass (Throne of Glass #1),Throne of Glass (Throne ...,https://books.toscrape.com/catalogue/throne-of-glass-throne-of-glass-1_868/index.html,Three,£35.07,In stock
287,The Glittering Court (The Glittering Court #1),The Glittering Court (The ...,https://books.toscrape.com/catalogue/the-glittering-court-the-glittering-court-1_845/index.html,One,£44.28,In stock
288,Hollow City (Miss Peregrineâs Peculiar Children #2),Hollow City (Miss Peregrineâs ...,https://books.toscrape.com/catalogue/hollow-city-miss-peregrines-peculiar-children-2_813/index.html,One,£42.98,In stock
289,The Star-Touched Queen,The Star-Touched Queen,https://books.toscrape.com/catalogue/the-star-touched-queen_764/index.html,Five,£46.02,In stock
290,The Hidden Oracle (The Trials of Apollo #1),The Hidden Oracle (The ...,https://books.toscrape.com/catalogue/the-hidden-oracle-the-trials-of-apollo-1_752/index.html,Two,£52.26,In stock
291,The Bane Chronicles (The Bane Chronicles #1-11),The Bane Chronicles (The ...,https://books.toscrape.com/catalogue/the-bane-chronicles-the-bane-chronicles-1-11_746/index.html,Four,£44.73,In stock
292,Island of Dragons (Unwanteds #7),Island of Dragons (Unwanteds ...,https://books.toscrape.com/catalogue/island-of-dragons-unwanteds-7_705/index.html,One,£29.65,In stock
293,Demigods & Magicians: Percy and Annabeth Meet the Kanes (Percy Jackson & Kane Chronicles Crossover #1-3),Demigods & Magicians: Percy ...,https://books.toscrape.com/catalogue/demigods-magicians-percy-and-annabeth-meet-the-kanes-percy-jackson-kane-chronicles-crossover-1-3_685/index.html,Five,£37.51,In stock
294,City of Glass (The Mortal Instruments #3),City of Glass (The ...,https://books.toscrape.com/catalogue/city-of-glass-the-mortal-instruments-3_678/index.html,Four,£56.02,In stock
295,Searching for Meaning in Gailana,Searching for Meaning in ...,https://books.toscrape.com/catalogue/searching-for-meaning-in-gailana_648/index.html,One,£38.73,In stock
296,The Star-Touched Queen,The Star-Touched Queen,https://books.toscrape.com/catalogue/the-star-touched-queen_642/index.html,Five,£32.30,In stock
297,A Shard of Ice (The Black Symphony Saga #1),A Shard of Ice ...,https://books.toscrape.com/catalogue/a-shard-of-ice-the-black-symphony-saga-1_558/index.html,Three,£56.63,In stock
298,King's Folly (The Kinsman Chronicles #1),King's Folly (The Kinsman ...,https://books.toscrape.com/catalogue/kings-folly-the-kinsman-chronicles-1_473/index.html,Five,£39.61,In stock
299,Without Borders (Wanderlove #1),Without Borders (Wanderlove #1),https://books.toscrape.com/catalogue/without-borders-wanderlove-1_956/index.html,Two,£45.07,In stock
300,The Mistake (Off-Campus #2),The Mistake (Off-Campus #2),https://books.toscrape.com/catalogue/the-mistake-off-campus-2_851/index.html,Three,£43.29,In stock
301,The Matchmaker's Playbook (Wingmen Inc. #1),The Matchmaker's Playbook (Wingmen ...,https://books.toscrape.com/catalogue/the-matchmakers-playbook-wingmen-inc-1_850/index.html,One,£55.85,In stock
302,The Hook Up (Game On #1),The Hook Up (Game ...,https://books.toscrape.com/catalogue/the-hook-up-game-on-1_68/index.html,Five,£36.29,In stock
303,Shameless,Shameless,https://books.toscrape.com/catalogue/shameless_52/index.html,Three,£58.35,In stock
304,Off Sides (Off #1),Off Sides (Off #1),https://books.toscrape.com/catalogue/off-sides-off-1_38/index.html,Five,£39.45,In stock
305,The Requiem Red,The Requiem Red,https://books.toscrape.com/catalogue/the-requiem-red_995/index.html,One,£22.65,In stock
306,Set Me Free,Set Me Free,https://books.toscrape.com/catalogue/set-me-free_988/index.html,Five,£17.46,In stock
307,The Natural History of Us (The Fine Art of Pretending #2),The Natural History of ...,https://books.toscrape.com/catalogue/the-natural-history-of-us-the-fine-art-of-pretending-2_941/index.html,Three,£45.22,In stock
308,Obsidian (Lux #1),Obsidian (Lux #1),https://books.toscrape.com/catalogue/obsidian-lux-1_911/index.html,Two,£14.86,In stock
309,Burning,Burning,https://books.toscrape.com/catalogue/burning_884/index.html,Three,£28.81,In stock
310,A Fierce and Subtle Poison,A Fierce and Subtle ...,https://books.toscrape.com/catalogue/a-fierce-and-subtle-poison_875/index.html,Four,£28.13,In stock
311,Scarlett Epstein Hates It Here,Scarlett Epstein Hates It ...,https://books.toscrape.com/catalogue/scarlett-epstein-hates-it-here_828/index.html,Five,£43.55,In stock
312,"Nightingale, Sing","Nightingale, Sing",https://books.toscrape.com/catalogue/nightingale-sing_823/index.html,One,£38.28,In stock
313,Library of Souls (Miss Peregrineâs Peculiar Children #3),Library of Souls (Miss ...,https://books.toscrape.com/catalogue/library-of-souls-miss-peregrines-peculiar-children-3_816/index.html,Five,£48.56,In stock
314,Frostbite (Vampire Academy #2),Frostbite (Vampire Academy #2),https://books.toscrape.com/catalogue/frostbite-vampire-academy-2_810/index.html,Five,£29.99,In stock
315,Wild Swans,Wild Swans,https://books.toscrape.com/catalogue/wild-swans_782/index.html,Two,£14.36,In stock
316,Until Friday Night (The Field Party #1),Until Friday Night (The ...,https://books.toscrape.com/catalogue/until-friday-night-the-field-party-1_775/index.html,Two,£46.31,In stock
317,This Is Where It Ends,This Is Where It ...,https://books.toscrape.com/catalogue/this-is-where-it-ends_771/index.html,Two,£27.12,In stock
318,The Darkest Lie,The Darkest Lie,https://books.toscrape.com/catalogue/the-darkest-lie_747/index.html,Five,£35.35,In stock
319,My Kind of Crazy,My Kind of Crazy,https://books.toscrape.com/catalogue/my-kind-of-crazy_718/index.html,One,£40.36,In stock
320,Don't Get Caught,Don't Get Caught,https://books.toscrape.com/catalogue/dont-get-caught_687/index.html,One,£55.35,In stock
321,Catching Jordan (Hundred Oaks),Catching Jordan (Hundred Oaks),https://books.toscrape.com/catalogue/catching-jordan-hundred-oaks_673/index.html,Three,£50.83,In stock
322,Aristotle and Dante Discover the Secrets of the Universe (Aristotle and Dante Discover the Secrets of the Universe #1),Aristotle and Dante Discover ...,https://books.toscrape.com/catalogue/aristotle-and-dante-discover-the-secrets-of-the-universe-aristotle-and-dante-discover-the-secrets-of-the-universe-1_663/index.html,Four,£58.14,In stock
323,The Epidemic (The Program 0.6),The Epidemic (The Program ...,https://books.toscrape.com/catalogue/the-epidemic-the-program-06_636/index.html,Five,£14.44,In stock
324,Stars Above (The Lunar Chronicles #4.5),Stars Above (The Lunar ...,https://books.toscrape.com/catalogue/stars-above-the-lunar-chronicles-45_632/index.html,Two,£48.05,In stock
325,The Most Perfect Thing: Inside (and Outside) a Bird's Egg,The Most Perfect Thing: ...,https://books.toscrape.com/catalogue/the-most-perfect-thing-inside-and-outside-a-birds-egg_938/index.html,Four,£42.96,In stock
326,Immunity: How Elie Metchnikoff Changed the Course of Modern Medicine,Immunity: How Elie Metchnikoff ...,https://books.toscrape.com/catalogue/immunity-how-elie-metchnikoff-changed-the-course-of-modern-medicine_900/index.html,Five,£57.36,In stock
327,Sorting the Beef from the Bull: The Science of Food Fraud Forensics,Sorting the Beef from ...,https://books.toscrape.com/catalogue/sorting-the-beef-from-the-bull-the-science-of-food-fraud-forensics_736/index.html,Four,£44.74,In stock
328,Tipping Point for Planet Earth: How Close Are We to the Edge?,Tipping Point for Planet ...,https://books.toscrape.com/catalogue/tipping-point-for-planet-earth-how-close-are-we-to-the-edge_643/index.html,One,£37.55,In stock
329,"The Fabric of the Cosmos: Space, Time, and the Texture of Reality",The Fabric of the ...,https://books.toscrape.com/catalogue/the-fabric-of-the-cosmos-space-time-and-the-texture-of-reality_572/index.html,One,£55.91,In stock
330,Diary of a Citizen Scientist: Chasing Tiger Beetles and Other New Ways of Engaging the World,Diary of a Citizen ...,https://books.toscrape.com/catalogue/diary-of-a-citizen-scientist-chasing-tiger-beetles-and-other-new-ways-of-engaging-the-world_517/index.html,One,£28.41,In stock
331,The Origin of Species,The Origin of Species,https://books.toscrape.com/catalogue/the-origin-of-species_499/index.html,Four,£10.01,In stock
332,The Grand Design,The Grand Design,https://books.toscrape.com/catalogue/the-grand-design_405/index.html,Three,£13.76,In stock
333,Peak: Secrets from the New Science of Expertise,Peak: Secrets from the ...,https://books.toscrape.com/catalogue/peak-secrets-from-the-new-science-of-expertise_389/index.html,Two,£16.28,In stock
334,"The Elegant Universe: Superstrings, Hidden Dimensions, and the Quest for the Ultimate Theory","The Elegant Universe: Superstrings, ...",https://books.toscrape.com/catalogue/the-elegant-universe-superstrings-hidden-dimensions-and-the-quest-for-the-ultimate-theory_245/index.html,Four,£13.03,In stock
335,"The Disappearing Spoon: And Other True Tales of Madness, Love, and the History of the World from the Periodic Table of the Elements",The Disappearing Spoon: And ...,https://books.toscrape.com/catalogue/the-disappearing-spoon-and-other-true-tales-of-madness-love-and-the-history-of-the-world-from-the-periodic-table-of-the-elements_244/index.html,Five,£57.35,In stock
336,"Surely You're Joking, Mr. Feynman!: Adventures of a Curious Character","Surely You're Joking, Mr. ...",https://books.toscrape.com/catalogue/surely-youre-joking-mr-feynman-adventures-of-a-curious-character_227/index.html,Two,£25.83,In stock
337,Seven Brief Lessons on Physics,Seven Brief Lessons on ...,https://books.toscrape.com/catalogue/seven-brief-lessons-on-physics_219/index.html,Four,£30.60,In stock
338,The Selfish Gene,The Selfish Gene,https://books.toscrape.com/catalogue/the-selfish-gene_81/index.html,One,£29.45,In stock
339,A Light in the Attic,A Light in the ...,https://books.toscrape.com/catalogue/a-light-in-the-attic_1000/index.html,Three,£51.77,In stock
340,The Black Maria,The Black Maria,https://books.toscrape.com/catalogue/the-black-maria_991/index.html,One,£52.15,In stock
341,Shakespeare's Sonnets,Shakespeare's Sonnets,https://books.toscrape.com/catalogue/shakespeares-sonnets_989/index.html,Four,£20.66,In stock
342,Olio,Olio,https://books.toscrape.com/catalogue/olio_984/index.html,One,£23.88,In stock
343,You can't bury them all: Poems,You can't bury them ...,https://books.toscrape.com/catalogue/you-cant-bury-them-all-poems_961/index.html,Two,£33.63,In stock
344,Slow States of Collapse: Poems,Slow States of Collapse: ...,https://books.toscrape.com/catalogue/slow-states-of-collapse-poems_960/index.html,Three,£57.31,In stock
345,Untitled Collection: Sabbath Poems 2014,Untitled Collection: Sabbath Poems ...,https://books.toscrape.com/catalogue/untitled-collection-sabbath-poems-2014_953/index.html,Four,£14.27,In stock
346,Poems That Make Grown Women Cry,Poems That Make Grown ...,https://books.toscrape.com/catalogue/poems-that-make-grown-women-cry_824/index.html,Four,£14.19,In stock
347,Night Sky with Exit Wounds,Night Sky with Exit ...,https://books.toscrape.com/catalogue/night-sky-with-exit-wounds_822/index.html,One,£41.05,In stock
348,salt.,salt.,https://books.toscrape.com/catalogue/salt_731/index.html,Four,£46.78,In stock
349,"Quarter Life Poetry: Poems for the Young, Broke and Hangry",Quarter Life Poetry: Poems ...,https://books.toscrape.com/catalogue/quarter-life-poetry-poems-for-the-young-broke-and-hangry_727/index.html,Five,£50.89,In stock
350,Out of Print: City Lights Spotlight No. 14,Out of Print: City ...,https://books.toscrape.com/catalogue/out-of-print-city-lights-spotlight-no-14_536/index.html,Five,£53.64,In stock
351,Les Fleurs du Mal,Les Fleurs du Mal,https://books.toscrape.com/catalogue/les-fleurs-du-mal_530/index.html,Five,£29.04,In stock
352,Howl and Other Poems,Howl and Other Poems,https://books.toscrape.com/catalogue/howl-and-other-poems_522/index.html,Two,£40.45,In stock
353,Leave This Song Behind: Teen Poetry at Its Best,Leave This Song Behind: ...,https://books.toscrape.com/catalogue/leave-this-song-behind-teen-poetry-at-its-best_474/index.html,Five,£51.17,In stock
354,The Collected Poems of W.B. Yeats (The Collected Works of W.B. Yeats #1),The Collected Poems of ...,https://books.toscrape.com/catalogue/the-collected-poems-of-wb-yeats-the-collected-works-of-wb-yeats-1_441/index.html,Five,£15.42,In stock
355,The Crossover,The Crossover,https://books.toscrape.com/catalogue/the-crossover_398/index.html,Four,£38.77,In stock
356,Booked,Booked,https://books.toscrape.com/catalogue/booked_365/index.html,Five,£17.49,In stock
357,Twenty Love Poems and a Song of Despair,Twenty Love Poems and ...,https://books.toscrape.com/catalogue/twenty-love-poems-and-a-song-of-despair_91/index.html,Four,£30.95,In stock
358,"Vampire Knight, Vol. 1 (Vampire Knight #1)","Vampire Knight, Vol. 1 ...",https://books.toscrape.com/catalogue/vampire-knight-vol-1-vampire-knight-1_93/index.html,One,£15.40,In stock
359,Wall and Piece,Wall and Piece,https://books.toscrape.com/catalogue/wall-and-piece_971/index.html,Four,£44.18,In stock
360,Feathers: Displays of Brilliant Plumage,Feathers: Displays of Brilliant ...,https://books.toscrape.com/catalogue/feathers-displays-of-brilliant-plumage_695/index.html,Three,£49.05,In stock
361,Art and Fear: Observations on the Perils (and Rewards) of Artmaking,Art and Fear: Observations ...,https://books.toscrape.com/catalogue/art-and-fear-observations-on-the-perils-and-rewards-of-artmaking_559/index.html,Four,£48.63,In stock
362,The New Drawing on the Right Side of the Brain,The New Drawing on ...,https://books.toscrape.com/catalogue/the-new-drawing-on-the-right-side-of-the-brain_550/index.html,Three,£43.02,In stock
363,History of Beauty,History of Beauty,https://books.toscrape.com/catalogue/history-of-beauty_521/index.html,Four,£10.29,In stock
364,The Story of Art,The Story of Art,https://books.toscrape.com/catalogue/the-story-of-art_500/index.html,Four,£41.14,In stock
365,The Art Book,The Art Book,https://books.toscrape.com/catalogue/the-art-book_490/index.html,Two,£32.34,In stock
366,Ways of Seeing,Ways of Seeing,https://books.toscrape.com/catalogue/ways-of-seeing_94/index.html,Five,£39.51,In stock
367,The Lucifer Effect: Understanding How Good People Turn Evil,The Lucifer Effect: Understanding ...,https://books.toscrape.com/catalogue/the-lucifer-effect-understanding-how-good-people-turn-evil_758/index.html,One,£10.40,In stock
368,The Golden Condom: And Other Essays on Love Lost and Found,The Golden Condom: And ...,https://books.toscrape.com/catalogue/the-golden-condom-and-other-essays-on-love-lost-and-found_637/index.html,One,£39.43,In stock
369,It Didn't Start with You: How Inherited Family Trauma Shapes Who We Are and How to End the Cycle,It Didn't Start with ...,https://books.toscrape.com/catalogue/it-didnt-start-with-you-how-inherited-family-trauma-shapes-who-we-are-and-how-to-end-the-cycle_593/index.html,Three,£56.27,In stock
370,An Unquiet Mind: A Memoir of Moods and Madness,An Unquiet Mind: A ...,https://books.toscrape.com/catalogue/an-unquiet-mind-a-memoir-of-moods-and-madness_422/index.html,Three,£21.30,In stock
371,"Thinking, Fast and Slow","Thinking, Fast and Slow",https://books.toscrape.com/catalogue/thinking-fast-and-slow_289/index.html,One,£21.14,In stock
372,Civilization and Its Discontents,Civilization and Its Discontents,https://books.toscrape.com/catalogue/civilization-and-its-discontents_140/index.html,Two,£59.95,In stock
373,8 Keys to Mental Health Through Exercise,8 Keys to Mental ...,https://books.toscrape.com/catalogue/8-keys-to-mental-health-through-exercise_114/index.html,One,£31.04,In stock
374,The Argonauts,The Argonauts,https://books.toscrape.com/catalogue/the-argonauts_837/index.html,Two,£10.93,In stock
375,M Train,M Train,https://books.toscrape.com/catalogue/m-train_598/index.html,One,£27.18,In stock
376,Lab Girl,Lab Girl,https://books.toscrape.com/catalogue/lab-girl_595/index.html,One,£40.85,In stock
377,Approval Junkie: Adventures in Caring Too Much,Approval Junkie: Adventures in ...,https://books.toscrape.com/catalogue/approval-junkie-adventures-in-caring-too-much_363/index.html,Five,£58.81,In stock
378,Running with Scissors,Running with Scissors,https://books.toscrape.com/catalogue/running-with-scissors_215/index.html,Four,£12.91,In stock
379,Me Talk Pretty One Day,Me Talk Pretty One ...,https://books.toscrape.com/catalogue/me-talk-pretty-one-day_193/index.html,Two,£57.60,In stock
380,Lust & Wonder,Lust & Wonder,https://books.toscrape.com/catalogue/lust-wonder_191/index.html,Two,£11.87,In stock
381,Life Without a Recipe,Life Without a Recipe,https://books.toscrape.com/catalogue/life-without-a-recipe_188/index.html,Five,£59.04,In stock
382,A Heartbreaking Work of Staggering Genius,A Heartbreaking Work of ...,https://books.toscrape.com/catalogue/a-heartbreaking-work-of-staggering-genius_115/index.html,Five,£54.29,In stock
383,Catastrophic Happiness: Finding Joy in Childhood's Messy Years,Catastrophic Happiness: Finding Joy ...,https://books.toscrape.com/catalogue/catastrophic-happiness-finding-joy-in-childhoods-messy-years_138/index.html,Two,£37.35,In stock
384,Fifty Shades Freed (Fifty Shades #3),Fifty Shades Freed (Fifty ...,https://books.toscrape.com/catalogue/fifty-shades-freed-fifty-shades-3_156/index.html,Five,£15.36,In stock
385,The Long Haul (Diary of a Wimpy Kid #9),The Long Haul (Diary ...,https://books.toscrape.com/catalogue/the-long-haul-diary-of-a-wimpy-kid-9_757/index.html,One,£44.07,In stock
386,Old School (Diary of a Wimpy Kid #10),Old School (Diary of ...,https://books.toscrape.com/catalogue/old-school-diary-of-a-wimpy-kid-10_723/index.html,Five,£11.83,In stock
387,I Know What I'm Doing -- and Other Lies I Tell Myself: Dispatches from a Life Under Construction,I Know What I'm ...,https://books.toscrape.com/catalogue/i-know-what-im-doing-and-other-lies-i-tell-myself-dispatches-from-a-life-under-construction_704/index.html,Four,£25.98,In stock
388,"Hyperbole and a Half: Unfortunate Situations, Flawed Coping Mechanisms, Mayhem, and Other Things That Happened",Hyperbole and a Half: ...,https://books.toscrape.com/catalogue/hyperbole-and-a-half-unfortunate-situations-flawed-coping-mechanisms-mayhem-and-other-things-that-happened_702/index.html,Five,£14.75,In stock
389,Dress Your Family in Corduroy and Denim,Dress Your Family in ...,https://books.toscrape.com/catalogue/dress-your-family-in-corduroy-and-denim_562/index.html,Three,£43.68,In stock
390,Toddlers Are A**holes: It's Not Your Fault,Toddlers Are A**holes: It's ...,https://books.toscrape.com/catalogue/toddlers-are-aholes-its-not-your-fault_503/index.html,One,£25.55,In stock
391,When You Are Engulfed in Flames,When You Are Engulfed ...,https://books.toscrape.com/catalogue/when-you-are-engulfed-in-flames_303/index.html,Five,£30.89,In stock
392,Naked,Naked,https://books.toscrape.com/catalogue/naked_197/index.html,Three,£31.69,In stock
393,"Lamb: The Gospel According to Biff, Christ's Childhood Pal",Lamb: The Gospel According ...,https://books.toscrape.com/catalogue/lamb-the-gospel-according-to-biff-christs-childhood-pal_182/index.html,Five,£55.50,In stock
394,Holidays on Ice,Holidays on Ice,https://books.toscrape.com/catalogue/holidays-on-ice_167/index.html,Two,£51.07,In stock
395,Security,Security,https://books.toscrape.com/catalogue/security_925/index.html,Two,£39.25,In stock
396,Follow You Home,Follow You Home,https://books.toscrape.com/catalogue/follow-you-home_809/index.html,One,£21.36,In stock
397,The Loney,The Loney,https://books.toscrape.com/catalogue/the-loney_756/index.html,One,£23.40,In stock
398,Pet Sematary,Pet Sematary,https://books.toscrape.com/catalogue/pet-sematary_726/index.html,Three,£10.56,In stock
399,Doctor Sleep (The Shining #2),Doctor Sleep (The Shining ...,https://books.toscrape.com/catalogue/doctor-sleep-the-shining-2_686/index.html,Two,£40.12,In stock
400,Psycho: Sanitarium (Psycho #1.5),Psycho: Sanitarium (Psycho #1.5),https://books.toscrape.com/catalogue/psycho-sanitarium-psycho-15_628/index.html,Five,£36.97,In stock
401,Can You Keep a Secret? (Fear Street Relaunch #4),Can You Keep a ...,https://books.toscrape.com/catalogue/can-you-keep-a-secret-fear-street-relaunch-4_614/index.html,One,£48.64,In stock
402,Red Dragon (Hannibal Lecter #1),Red Dragon (Hannibal Lecter ...,https://books.toscrape.com/catalogue/red-dragon-hannibal-lecter-1_390/index.html,Three,£23.37,In stock
403,Dracula the Un-Dead,Dracula the Un-Dead,https://books.toscrape.com/catalogue/dracula-the-un-dead_370/index.html,Five,£35.63,In stock
404,Night Shift (Night Shift #1-20),Night Shift (Night Shift ...,https://books.toscrape.com/catalogue/night-shift-night-shift-1-20_335/index.html,Four,£12.75,In stock
405,Needful Things,Needful Things,https://books.toscrape.com/catalogue/needful-things_334/index.html,Four,£47.51,In stock
406,Misery,Misery,https://books.toscrape.com/catalogue/misery_332/index.html,Two,£34.79,In stock
407,It,It,https://books.toscrape.com/catalogue/it_330/index.html,Three,£25.01,In stock
408,'Salem's Lot,'Salem's Lot,https://books.toscrape.com/catalogue/salems-lot_309/index.html,Four,£49.56,In stock
409,The Stand,The Stand,https://books.toscrape.com/catalogue/the-stand_282/index.html,Two,£57.86,In stock
410,The Girl with All the Gifts,The Girl with All ...,https://books.toscrape.com/catalogue/the-girl-with-all-the-gifts_250/index.html,Three,£49.47,In stock
411,House of Leaves,House of Leaves,https://books.toscrape.com/catalogue/house-of-leaves_169/index.html,One,£54.89,In stock
412,Sapiens: A Brief History of Humankind,Sapiens: A Brief History ...,https://books.toscrape.com/catalogue/sapiens-a-brief-history-of-humankind_996/index.html,Five,£54.23,In stock
413,"Unbound: How Eight Technologies Made Us Human, Transformed Society, and Brought Our World to the Brink",Unbound: How Eight Technologies ...,https://books.toscrape.com/catalogue/unbound-how-eight-technologies-made-us-human-transformed-society-and-brought-our-world-to-the-brink_950/index.html,One,£25.52,In stock
414,The Age of Genius: The Seventeenth Century and the Birth of the Modern Mind,The Age of Genius: ...,https://books.toscrape.com/catalogue/the-age-of-genius-the-seventeenth-century-and-the-birth-of-the-modern-mind_929/index.html,One,£19.73,In stock
415,"Political Suicide: Missteps, Peccadilloes, Bad Calls, Backroom Hijinx, Sordid Pasts, Rotten Breaks, and Just Plain Dumb Mistakes in the Annals of American Politics","Political Suicide: Missteps, Peccadilloes, ...",https://books.toscrape.com/catalogue/political-suicide-missteps-peccadilloes-bad-calls-backroom-hijinx-sordid-pasts-rotten-breaks-and-just-plain-dumb-mistakes-in-the-annals-of-american-politics_917/index.html,Two,£36.28,In stock
416,Thomas Jefferson and the Tripoli Pirates: The Forgotten War That Changed American History,Thomas Jefferson and the ...,https://books.toscrape.com/catalogue/thomas-jefferson-and-the-tripoli-pirates-the-forgotten-war-that-changed-american-history_867/index.html,One,£59.64,In stock
417,Zealot: The Life and Times of Jesus of Nazareth,Zealot: The Life and ...,https://books.toscrape.com/catalogue/zealot-the-life-and-times-of-jesus-of-nazareth_785/index.html,Three,£24.70,In stock
418,A Distant Mirror: The Calamitous 14th Century,A Distant Mirror: The ...,https://books.toscrape.com/catalogue/a-distant-mirror-the-calamitous-14th-century_652/index.html,Three,£14.58,In stock
419,1491: New Revelations of the Americas Before Columbus,1491: New Revelations of ...,https://books.toscrape.com/catalogue/1491-new-revelations-of-the-americas-before-columbus_650/index.html,Three,£21.80,In stock
420,Brilliant Beacons: A History of the American Lighthouse,Brilliant Beacons: A History ...,https://books.toscrape.com/catalogue/brilliant-beacons-a-history-of-the-american-lighthouse_515/index.html,Three,£11.45,In stock
421,"""Most Blessed of the Patriarchs"": Thomas Jefferson and the Empire of the Imagination","""Most Blessed of the ...",https://books.toscrape.com/catalogue/most-blessed-of-the-patriarchs-thomas-jefferson-and-the-empire-of-the-imagination_509/index.html,Five,£44.48,In stock
422,A Short History of Nearly Everything,A Short History of ...,https://books.toscrape.com/catalogue/a-short-history-of-nearly-everything_457/index.html,Five,£52.40,In stock
423,The Rise and Fall of the Third Reich: A History of Nazi Germany,The Rise and Fall ...,https://books.toscrape.com/catalogue/the-rise-and-fall-of-the-third-reich-a-history-of-nazi-germany_454/index.html,Two,£39.67,In stock
424,Catherine the Great: Portrait of a Woman,Catherine the Great: Portrait ...,https://books.toscrape.com/catalogue/catherine-the-great-portrait-of-a-woman_424/index.html,Four,£58.55,In stock
425,The Mathews Men: Seven Brothers and the War Against Hitler's U-boats,The Mathews Men: Seven ...,https://books.toscrape.com/catalogue/the-mathews-men-seven-brothers-and-the-war-against-hitlers-u-boats_408/index.html,Five,£42.91,In stock
426,The Hiding Place,The Hiding Place,https://books.toscrape.com/catalogue/the-hiding-place_406/index.html,Four,£55.91,In stock
427,America's War for the Greater Middle East: A Military History,America's War for the ...,https://books.toscrape.com/catalogue/americas-war-for-the-greater-middle-east-a-military-history_361/index.html,Two,£51.22,In stock
428,The Guns of August,The Guns of August,https://books.toscrape.com/catalogue/the-guns-of-august_254/index.html,Two,£14.54,In stock
429,"House of Lost Worlds: Dinosaurs, Dynasties, and the Story of Life on Earth",House of Lost Worlds: ...,https://books.toscrape.com/catalogue/house-of-lost-worlds-dinosaurs-dynasties-and-the-story-of-life-on-earth_170/index.html,Two,£43.70,In stock
430,"Foolproof Preserving: A Guide to Small Batch Jams, Jellies, Pickles, Condiments, and More: A Foolproof Guide to Making Small Batch Jams, Jellies, Pickles, Condiments, and More",Foolproof Preserving: A Guide ...,https://books.toscrape.com/catalogue/foolproof-preserving-a-guide-to-small-batch-jams-jellies-pickles-condiments-and-more-a-foolproof-guide-to-making-small-batch-jams-jellies-pickles-condiments-and-more_978/index.html,Three,£30.52,In stock
431,"The Pioneer Woman Cooks: Dinnertime: Comfort Classics, Freezer Food, 16-Minute Meals, and Other Delicious Ways to Solve Supper!",The Pioneer Woman Cooks: ...,https://books.toscrape.com/catalogue/the-pioneer-woman-cooks-dinnertime-comfort-classics-freezer-food-16-minute-meals-and-other-delicious-ways-to-solve-supper_943/index.html,One,£56.41,In stock
432,My Paris Kitchen: Recipes and Stories,My Paris Kitchen: Recipes ...,https://books.toscrape.com/catalogue/my-paris-kitchen-recipes-and-stories_910/index.html,Two,£33.37,In stock
433,"Mama Tried: Traditional Italian Cooking for the Screwed, Crude, Vegan, and Tattooed",Mama Tried: Traditional Italian ...,https://books.toscrape.com/catalogue/mama-tried-traditional-italian-cooking-for-the-screwed-crude-vegan-and-tattooed_908/index.html,Four,£14.02,In stock
434,"Layered: Baking, Building, and Styling Spectacular Cakes","Layered: Baking, Building, and ...",https://books.toscrape.com/catalogue/layered-baking-building-and-styling-spectacular-cakes_904/index.html,One,£40.11,In stock
435,The Nerdy Nummies Cookbook: Sweet Treats for the Geek in All of Us,The Nerdy Nummies Cookbook: ...,https://books.toscrape.com/catalogue/the-nerdy-nummies-cookbook-sweet-treats-for-the-geek-in-all-of-us_853/index.html,Five,£37.34,In stock
436,The Love and Lemons Cookbook: An Apple-to-Zucchini Celebration of Impromptu Cooking,The Love and Lemons ...,https://books.toscrape.com/catalogue/the-love-and-lemons-cookbook-an-apple-to-zucchini-celebration-of-impromptu-cooking_849/index.html,Two,£37.60,In stock
437,The Cookies & Cups Cookbook: 125+ sweet & savory recipes reminding you to Always Eat Dessert First,The Cookies & Cups ...,https://books.toscrape.com/catalogue/the-cookies-cups-cookbook-125-sweet-savory-recipes-reminding-you-to-always-eat-dessert-first_841/index.html,One,£41.25,In stock
438,"Deliciously Ella Every Day: Quick and Easy Recipes for Gluten-Free Snacks, Packed Lunches, and Simple Meals",Deliciously Ella Every Day: ...,https://books.toscrape.com/catalogue/deliciously-ella-every-day-quick-and-easy-recipes-for-gluten-free-snacks-packed-lunches-and-simple-meals_801/index.html,Three,£42.16,In stock
439,The Help Yourself Cookbook for Kids: 60 Easy Plant-Based Recipes Kids Can Make to Stay Healthy and Save the Earth,The Help Yourself Cookbook ...,https://books.toscrape.com/catalogue/the-help-yourself-cookbook-for-kids-60-easy-plant-based-recipes-kids-can-make-to-stay-healthy-and-save-the-earth_751/index.html,Three,£28.77,In stock
440,"It's All Easy: Healthy, Delicious Weeknight Meals in under 30 Minutes","It's All Easy: Healthy, ...",https://books.toscrape.com/catalogue/its-all-easy-healthy-delicious-weeknight-meals-in-under-30-minutes_706/index.html,One,£19.55,In stock
441,Barefoot Contessa Back to Basics,Barefoot Contessa Back to ...,https://books.toscrape.com/catalogue/barefoot-contessa-back-to-basics_667/index.html,One,£28.01,In stock
442,Barefoot Contessa at Home: Everyday Recipes You'll Make Over and Over Again,Barefoot Contessa at Home: ...,https://books.toscrape.com/catalogue/barefoot-contessa-at-home-everyday-recipes-youll-make-over-and-over-again_666/index.html,Five,£50.62,In stock
443,My Kitchen Year: 136 Recipes That Saved My Life,My Kitchen Year: 136 ...,https://books.toscrape.com/catalogue/my-kitchen-year-136-recipes-that-saved-my-life_646/index.html,Two,£11.53,In stock
444,Everyday Italian: 125 Simple and Delicious Recipes,Everyday Italian: 125 Simple ...,https://books.toscrape.com/catalogue/everyday-italian-125-simple-and-delicious-recipes_618/index.html,Five,£20.10,In stock
445,"A la Mode: 120 Recipes in 60 Pairings: Pies, Tarts, Cakes, Crisps, and More Topped with Ice Cream, Gelato, Frozen Custard, and More",A la Mode: 120 ...,https://books.toscrape.com/catalogue/a-la-mode-120-recipes-in-60-pairings-pies-tarts-cakes-crisps-and-more-topped-with-ice-cream-gelato-frozen-custard-and-more_611/index.html,One,£38.77,In stock
446,Cravings: Recipes for What You Want to Eat,Cravings: Recipes for What ...,https://books.toscrape.com/catalogue/cravings-recipes-for-what-you-want-to-eat_589/index.html,Three,£20.50,In stock
447,"The Moosewood Cookbook: Recipes from Moosewood Restaurant, Ithaca, New York",The Moosewood Cookbook: Recipes ...,https://books.toscrape.com/catalogue/the-moosewood-cookbook-recipes-from-moosewood-restaurant-ithaca-new-york_574/index.html,Four,£12.34,In stock
448,32 Yolks,32 Yolks,https://books.toscrape.com/catalogue/32-yolks_510/index.html,Two,£53.63,In stock
449,"Naturally Lean: 125 Nourishing Gluten-Free, Plant-Based Recipes--All Under 300 Calories",Naturally Lean: 125 Nourishing ...,https://books.toscrape.com/catalogue/naturally-lean-125-nourishing-gluten-free-plant-based-recipes-all-under-300-calories_479/index.html,Five,£11.38,In stock
450,Redeeming Love,Redeeming Love,https://books.toscrape.com/catalogue/redeeming-love_826/index.html,Five,£20.47,In stock
451,Close to You,Close to You,https://books.toscrape.com/catalogue/close-to-you_798/index.html,Four,£49.46,In stock
452,Shadows of the Past (Logan Point #1),Shadows of the Past ...,https://books.toscrape.com/catalogue/shadows-of-the-past-logan-point-1_541/index.html,Five,£39.67,In stock
453,Like Never Before (Walker Family #2),Like Never Before (Walker ...,https://books.toscrape.com/catalogue/like-never-before-walker-family-2_476/index.html,Two,£28.77,In stock
454,Counted With the Stars (Out from Egypt #1),Counted With the Stars ...,https://books.toscrape.com/catalogue/counted-with-the-stars-out-from-egypt-1_463/index.html,Five,£17.97,In stock
455,If I Run (If I Run #1),If I Run (If ...,https://books.toscrape.com/catalogue/if-i-run-if-i-run-1_174/index.html,Four,£49.97,In stock
456,The Dirty Little Secrets of Getting Your Dream Job,The Dirty Little Secrets ...,https://books.toscrape.com/catalogue/the-dirty-little-secrets-of-getting-your-dream-job_994/index.html,Four,£33.34,In stock
457,The Third Wave: An Entrepreneurâs Vision of the Future,The Third Wave: An ...,https://books.toscrape.com/catalogue/the-third-wave-an-entrepreneurs-vision-of-the-future_862/index.html,Five,£12.61,In stock
458,The 10% Entrepreneur: Live Your Startup Dream Without Quitting Your Day Job,The 10% Entrepreneur: Live ...,https://books.toscrape.com/catalogue/the-10-entrepreneur-live-your-startup-dream-without-quitting-your-day-job_836/index.html,Three,£27.55,In stock
459,Shoe Dog: A Memoir by the Creator of NIKE,Shoe Dog: A Memoir ...,https://books.toscrape.com/catalogue/shoe-dog-a-memoir-by-the-creator-of-nike_831/index.html,Two,£23.99,In stock
460,Made to Stick: Why Some Ideas Survive and Others Die,Made to Stick: Why ...,https://books.toscrape.com/catalogue/made-to-stick-why-some-ideas-survive-and-others-die_715/index.html,Five,£38.85,In stock
461,Quench Your Own Thirst: Business Lessons Learned Over a Beer or Two,Quench Your Own Thirst: ...,https://books.toscrape.com/catalogue/quench-your-own-thirst-business-lessons-learned-over-a-beer-or-two_629/index.html,One,£43.14,In stock
462,The Art of Startup Fundraising,The Art of Startup ...,https://books.toscrape.com/catalogue/the-art-of-startup-fundraising_606/index.html,Three,£21.00,In stock
463,Born for This: How to Find the Work You Were Meant to Do,Born for This: How ...,https://books.toscrape.com/catalogue/born-for-this-how-to-find-the-work-you-were-meant-to-do_588/index.html,Five,£21.59,In stock
464,The E-Myth Revisited: Why Most Small Businesses Don't Work and What to Do About It,The E-Myth Revisited: Why ...,https://books.toscrape.com/catalogue/the-e-myth-revisited-why-most-small-businesses-dont-work-and-what-to-do-about-it_545/index.html,One,£36.91,In stock
465,"Rich Dad, Poor Dad","Rich Dad, Poor Dad",https://books.toscrape.com/catalogue/rich-dad-poor-dad_483/index.html,One,£51.74,In stock
466,The Lean Startup: How Today's Entrepreneurs Use Continuous Innovation to Create Radically Successful Businesses,The Lean Startup: How ...,https://books.toscrape.com/catalogue/the-lean-startup-how-todays-entrepreneurs-use-continuous-innovation-to-create-radically-successful-businesses_260/index.html,Three,£33.92,In stock
467,Rework,Rework,https://books.toscrape.com/catalogue/rework_212/index.html,Two,£44.88,In stock
468,Louisa: The Extraordinary Life of Mrs. Adams,Louisa: The Extraordinary Life ...,https://books.toscrape.com/catalogue/louisa-the-extraordinary-life-of-mrs-adams_818/index.html,Two,£16.85,In stock
469,"Setting the World on Fire: The Brief, Astonishing Life of St. Catherine of Siena",Setting the World on ...,https://books.toscrape.com/catalogue/setting-the-world-on-fire-the-brief-astonishing-life-of-st-catherine-of-siena_603/index.html,Two,£21.15,In stock
470,The Faith of Christopher Hitchens: The Restless Soul of the World's Most Notorious Atheist,The Faith of Christopher ...,https://books.toscrape.com/catalogue/the-faith-of-christopher-hitchens-the-restless-soul-of-the-worlds-most-notorious-atheist_495/index.html,One,£39.55,In stock
471,Benjamin Franklin: An American Life,Benjamin Franklin: An American ...,https://books.toscrape.com/catalogue/benjamin-franklin-an-american-life_460/index.html,Three,£48.19,In stock
472,The Rise of Theodore Roosevelt (Theodore Roosevelt #1),The Rise of Theodore ...,https://books.toscrape.com/catalogue/the-rise-of-theodore-roosevelt-theodore-roosevelt-1_276/index.html,Three,£42.57,In stock
473,In Her Wake,In Her Wake,https://books.toscrape.com/catalogue/in-her-wake_980/index.html,One,£12.84,In stock
474,The Elephant Tree,The Elephant Tree,https://books.toscrape.com/catalogue/the-elephant-tree_968/index.html,Five,£23.82,In stock
475,Behind Closed Doors,Behind Closed Doors,https://books.toscrape.com/catalogue/behind-closed-doors_962/index.html,Four,£52.22,In stock
476,You (You #1),You (You #1),https://books.toscrape.com/catalogue/you-you-1_784/index.html,Five,£43.61,In stock
477,The Guilty (Will Robie #4),The Guilty (Will Robie ...,https://books.toscrape.com/catalogue/the-guilty-will-robie-4_750/index.html,Two,£13.82,In stock
478,The 14th Colony (Cotton Malone #11),The 14th Colony (Cotton ...,https://books.toscrape.com/catalogue/the-14th-colony-cotton-malone-11_744/index.html,One,£39.24,In stock
479,Give It Back,Give It Back,https://books.toscrape.com/catalogue/give-it-back_430/index.html,Two,£18.32,In stock
480,Killing Floor (Jack Reacher #1),Killing Floor (Jack Reacher ...,https://books.toscrape.com/catalogue/killing-floor-jack-reacher-1_382/index.html,Four,£31.49,In stock
481,The Bone Hunters (Lexy Vaughan & Steven Macaulay #2),The Bone Hunters (Lexy ...,https://books.toscrape.com/catalogue/the-bone-hunters-lexy-vaughan-steven-macaulay-2_343/index.html,Three,£59.71,In stock
482,Far From True (Promise Falls Trilogy #2),Far From True (Promise ...,https://books.toscrape.com/catalogue/far-from-true-promise-falls-trilogy-2_320/index.html,Two,£34.93,In stock
483,The Travelers,The Travelers,https://books.toscrape.com/catalogue/the-travelers_285/index.html,One,£15.77,In stock
484,When We Collided,When We Collided,https://books.toscrape.com/catalogue/when-we-collided_955/index.html,One,£31.77,In stock
485,Someone Like You (The Harrisons #2),Someone Like You (The ...,https://books.toscrape.com/catalogue/someone-like-you-the-harrisons-2_735/index.html,Five,£52.79,In stock
486,We Are All Completely Beside Ourselves,We Are All Completely ...,https://books.toscrape.com/catalogue/we-are-all-completely-beside-ourselves_301/index.html,One,£24.04,In stock
487,The Four Agreements: A Practical Guide to Personal Freedom,The Four Agreements: A ...,https://books.toscrape.com/catalogue/the-four-agreements-a-practical-guide-to-personal-freedom_970/index.html,Five,£17.66,In stock
488,The Activist's Tao Te Ching: Ancient Advice for a Modern Revolution,The Activist's Tao Te ...,https://books.toscrape.com/catalogue/the-activists-tao-te-ching-ancient-advice-for-a-modern-revolution_928/index.html,Five,£32.24,In stock
489,Chasing Heaven: What Dying Taught Me About Living,Chasing Heaven: What Dying ...,https://books.toscrape.com/catalogue/chasing-heaven-what-dying-taught-me-about-living_797/index.html,Two,£37.80,In stock
490,If I Gave You God's Phone Number....: Searching for Spirituality in America,If I Gave You ...,https://books.toscrape.com/catalogue/if-i-gave-you-gods-phone-number-searching-for-spirituality-in-america_564/index.html,One,£20.91,In stock
491,Unreasonable Hope: Finding Faith in the God Who Brings Purpose to Your Pain,Unreasonable Hope: Finding Faith ...,https://books.toscrape.com/catalogue/unreasonable-hope-finding-faith-in-the-god-who-brings-purpose-to-your-pain_505/index.html,Two,£46.33,In stock
492,A New Earth: Awakening to Your Life's Purpose,A New Earth: Awakening ...,https://books.toscrape.com/catalogue/a-new-earth-awakening-to-your-lifes-purpose_311/index.html,Five,£55.65,In stock
493,Logan Kade (Fallen Crest High #5.5),Logan Kade (Fallen Crest ...,https://books.toscrape.com/catalogue/logan-kade-fallen-crest-high-55_384/index.html,Two,£13.12,In stock
494,Online Marketing for Busy Authors: A Step-By-Step Guide,Online Marketing for Busy ...,https://books.toscrape.com/catalogue/online-marketing-for-busy-authors-a-step-by-step-guide_913/index.html,One,£46.35,In stock
495,How to Be Miserable: 40 Strategies You Already Use,How to Be Miserable: ...,https://books.toscrape.com/catalogue/how-to-be-miserable-40-strategies-you-already-use_897/index.html,One,£46.03,In stock
496,"Overload: How to Unplug, Unwind, and Unleash Yourself from the Pressure of Stress","Overload: How to Unplug, ...",https://books.toscrape.com/catalogue/overload-how-to-unplug-unwind-and-unleash-yourself-from-the-pressure-of-stress_725/index.html,Three,£52.15,In stock
497,You Are a Badass: How to Stop Doubting Your Greatness and Start Living an Awesome Life,You Are a Badass: ...,https://books.toscrape.com/catalogue/you-are-a-badass-how-to-stop-doubting-your-greatness-and-start-living-an-awesome-life_508/index.html,Three,£12.08,In stock
498,How to Stop Worrying and Start Living,How to Stop Worrying ...,https://books.toscrape.com/catalogue/how-to-stop-worrying-and-start-living_431/index.html,Five,£46.49,In stock
499,All the Light We Cannot See,All the Light We ...,https://books.toscrape.com/catalogue/all-the-light-we-cannot-see_660/index.html,Five,£29.87,In stock
500,The Girl You Left Behind (The Girl You Left Behind #1),The Girl You Left ...,https://books.toscrape.com/catalogue/the-girl-you-left-behind-the-girl-you-left-behind-1_443/index.html,One,£15.79,In stock
501,(Un)Qualified: How God Uses Broken People to Do Big Things,(Un)Qualified: How God Uses ...,https://books.toscrape.com/catalogue/unqualified-how-god-uses-broken-people-to-do-big-things_873/index.html,Five,£54.00,In stock
502,Crazy Love: Overwhelmed by a Relentless God,Crazy Love: Overwhelmed by ...,https://books.toscrape.com/catalogue/crazy-love-overwhelmed-by-a-relentless-god_682/index.html,Two,£47.72,In stock
503,Blue Like Jazz: Nonreligious Thoughts on Christian Spirituality,Blue Like Jazz: Nonreligious ...,https://books.toscrape.com/catalogue/blue-like-jazz-nonreligious-thoughts-on-christian-spirituality_461/index.html,One,£25.77,In stock
504,Silence in the Dark (Logan Point #4),Silence in the Dark ...,https://books.toscrape.com/catalogue/silence-in-the-dark-logan-point-4_542/index.html,Three,£58.33,In stock
505,The Grownup,The Grownup,https://books.toscrape.com/catalogue/the-grownup_546/index.html,One,£35.88,In stock
506,Suzie Snowflake: One beautiful flake (a self-esteem story),Suzie Snowflake: One beautiful ...,https://books.toscrape.com/catalogue/suzie-snowflake-one-beautiful-flake-a-self-esteem-story_568/index.html,Five,£54.81,In stock
